,Asset A
0,1.0
1,1.0046935075769778
2,1.0033497826736393
3,1.009443278521298
4,1.0237596112927314
5,1.0213585015271223
6,1.0189766033216083
7,1.033748153848305
8,1.040731887931777
9,1.0359725030081566
10,1.0408137174762822
11,1.036110913482438
12,1.0314235864091676
13,1.033460521427752
14,1.0151161627491048
15,0.9986972517147268
16,0.9933944732451016
17,0.9838765435445029
18,0.9869738656710991
19,0.9784972266599808
20,0.9653228679861464
21,0.9794471624336412
22,0.9774768946813202
23,0.97829373104289
24,0.9650033980844146
25,0.9601372156535062
26,0.9615017069119561
27,0.9509313818974058
28,0.9548708279622763
29,0.9495534938467189
30,0.947197616082656
31,0.9419310895567462
32,0.9598943376222037
33,0.960085099744085
34,0.950407455820278
35,0.9585733662964896
36,0.9473662609339614
37,0.9497575644872067
38,0.9316391718342998
39,0.9196315395888306
40,0.9221295483445092
41,0.9297254210956647
42,0.9319024339011353
43,0.9313501172222535
44,0.929049795071146
45,0.9156421723126164
46,0.9095097904596976
47,0.9058753394680547
48,0.9166112267118669
49,0.9205199300162108
50,0.9044915606420368
51,0.9083118697965809
52,0.9054008678400552
53,0.8997553429253796
54,0.9063307330959443
55,0.9168161697559588
56,0.9262761288710228
57,0.9189313787367241
58,0.9166529981756185
59,0.9204446275240238
60,0.9302940543658093
61,0.926319505199387
62,0.9251499585992836
63,0.9152901236613618
64,0.904659334110204
65,0.9130936534184007
66,0.9265986500195982
67,0.926500768724907
68,0.9365665905297286
69,0.9404871695281362
70,0.934863684877571
71,0.938795507249091
72,0.9538143366993893
73,0.9538423653329224
74,0.9689931886372124
75,0.9444850099995344
76,0.952691853831547
77,0.9538898327909153
78,0.951430432607806
79,0.9526829632035408
80,0.9342777343071919
81,0.932723635357432
82,0.9366319713817672
83,0.9510996783384218
84,0.9465905828812323
85,0.9393749206803583
86,0.9351149136896026
87,0.944279611667286
88,0.947828242969357
89,0.9432365411271405
90,0.9485369661407258
91,0.9498626995368957
92,0.9594134494544311
93,0.9531017867436552
94,0.9503778785212748
95,0.9470666310956867
96,0.9336578207953048
97,0.9369824196387896
98,0.9399492996248596
99,0.9404742101086079
100,0.9387299969564857
101,0.9258422704061164
102,0.9224560991220216
103,0.9198331791159762
104,0.912888616094451
105,0.9120559695588336
106,0.9165718597835193
107,0.9350567693841874
108,0.9372217971250445
109,0.9401536592729726
110,0.9399251824481173
111,0.9222712829340077
112,0.9226376449398567
113,0.9238207538737683
114,0.9477008012387371
115,0.9462982339777528
116,0.9495737930283042
117,0.9496460056265466
118,0.9390026710373682
119,0.9502854373935632
120,0.9577850967251914
121,0.9655946849650106
122,0.9572748392680264
123,0.9708690881570968
124,0.957854038415493
125,0.9637338084788488
126,0.9847194955521674
127,0.9754810808938785
128,0.970324664916568
129,0.9715018003412262
130,0.9669705787719692
131,0.9525803248722441
132,0.9536045307162547
133,0.9439349221430874
134,0.9488549109151143
135,0.9405730819164476
136,0.9556902276382431
137,0.9486408445514918
138,0.9460052616150905
139,0.9541208064434885
140,0.9428543524595998
141,0.9454571837026752
142,0.958241401253853
143,0.9433835298636667
144,0.9455774929042363
145,0.9484650791480332
146,0.956261618199329
147,0.9449206626242344
148,0.932880658025056
149,0.9383452354350834
150,0.9416408003511364
151,0.9444709035566567
152,0.9481852385444743
153,0.9421708371718779
154,0.9448243899379225
155,0.948031566178178
156,0.9416940276342094
157,0.9597866854431082
158,0.9645831389894135
159,0.953607465225054
160,0.9601795084127298
161,0.9512856679642673
162,0.9591095400837704
163,0.9703817667296818
164,0.9628621130740022
165,0.972259906983323
166,0.9763804795896546
167,0.9843356744797027
168,1.0023830035259247
169,1.0000453910508347
170,0.9929228935006652
171,0.9845739396968769
172,0.97698768613609
173,0.976441780873538
174,0.9798523340260458
175,0.982626718440832
176,0.9905807486479086
177,0.9907783609413142
178,1.004586154589734
179,1.0020489845248577
180,1.0277359053815642
181,1.0334277798828042
182,1.0250631024400456
183,1.0147452059616366
184,1.0191871163217185
185,1.016923312773431
186,1.0235356712792387
187,1.027820555471842
188,1.026911588872737
189,1.0186965562991332
190,1.0042342101074826
191,0.999981435551641
192,1.008073790863088
193,1.010032708887194
194,0.9981819591884105
195,0.9998327940181053
196,1.0034750280589704
197,0.9950957807189746
198,0.9965872688106456
199,0.9971643746686147
200,0.9863868254744435
201,0.9898756393196917
202,0.9952549070880955
203,1.0055264388648686
204,1.0154400716702923
205,1.0022997795029192
206,0.9934199136099825
207,0.998338762351632
208,1.0032067676818146
209,1.0080480603278894
210,1.0443890775210076
211,1.0494311915304708
212,1.0597689672055344
213,1.0683090796676653
214,1.0739220128903126
215,1.0703563159006633
216,1.0769695174774832
217,1.0690561364176305
218,1.0662703463455057
219,1.0611581367764515
220,1.061446392637199
221,1.0828301904880904
222,1.064528810411739
223,1.0705012262758258
224,1.0547029601247588
225,1.0498094726738443
226,1.0597037753615512
227,1.0598373249631157
228,1.049178694632934
229,1.0420294027948729
230,1.0481174312318835
231,1.040834230880515
232,1.0425554911015424
233,1.0426483625200056
234,1.0361528389024999
235,1.0561242790567003
236,1.0616688200005597
237,1.0420435861578254
238,1.0434717345731577
239,1.0368734264966835
240,1.0446355181586902
241,1.0367926509333087
242,1.0354164883013215
243,1.03990708633024
244,1.0477709810658449
245,1.0360501113217884
246,1.032603259744032
247,1.0278566923582886
248,1.0214622265210211
249,1.0379738659286457
250,1.0414992035143664
251,1.029255611273165
252,1.0376964040599526
253,1.0574497174661315
254,1.0667496470301252
255,1.051863191214515
256,1.0468759966817285
257,1.058475150083328
258,1.0513242136746703
259,1.05511057805227
260,1.0619927963066582
261,1.052742120306609
262,1.0517610703043427
263,1.0207231706072895
264,1.0108791476239432
265,1.0084062604764774
266,0.9965491013034614
267,1.012001326343975
268,0.998392511915958
269,0.9942472401950189
270,0.9955282793537394
271,1.009182521679242
272,0.9955420224909468
273,1.0065682676299952
274,1.0066128318597092
275,0.9972859640659884
276,1.0016739714368599
277,1.003541623272636
278,0.9978419987597603
279,0.9985186934604354
280,0.9948895785970144
281,0.9960027755864206
282,1.0022910463761676
283,1.0172593137208739
284,1.0054260779731308
285,1.025538284746309
286,1.0068901040363785
287,1.005401186334616
288,1.0109173948491847
289,1.013485872438527
290,1.0074948843085856
291,1.0054688306828428
292,1.0007670063031904
293,0.9951919454573621
294,1.003258089842101
295,1.0066057112364344
296,1.000005904706387
297,1.0085062776645703
298,1.0113424750609783
299,1.0189332804770406
300,1.024732449681997
301,1.0167028938380456
302,1.011277117897342
303,1.0182488778027383
304,1.023871502332101
305,1.023484544465693
306,1.024406798757202
307,1.0362858924806373
308,1.0304080850012647
309,1.0353363353272846
310,1.0331453472384247
311,1.0308253948954638
312,1.040963214249632
313,1.0484375607585963
314,1.0557400791946834
315,1.067633312848043
316,1.0672950081721995
317,1.073204770691068
318,1.0696920351687849
319,1.0722020078931969
320,1.0703992398105235
321,1.0707570414048555
322,1.075819182871107
323,1.0674859845909213
324,1.086721582888254
325,1.0765273456214783
326,1.0644469817564406
327,1.0748786169239644
328,1.0817648515095917
329,1.0870133020603268
330,1.092260027279863
331,1.0914120837150052
332,1.0822083340952617
333,1.0822721727465023
334,1.0752206422587034
335,1.0838376684384814
336,1.081782728475002
337,1.0733334438774838
338,1.0697146216613136
339,1.0730631665008135
340,1.0671566037619404
341,1.0588543623805022
342,1.060689891978137
343,1.0625229426926364
344,1.0572365661086232
345,1.052331414023689
346,1.0541087511480913
347,1.039996205739996
348,1.0263794929416652
349,1.0193814720997676
350,1.0172107648873243
351,1.0200119718698486
352,1.033793952572284
353,1.0416298682871092
354,1.0397881954522654
355,1.0392927298483148
356,1.0295078707114864
357,1.0290987485691674
358,1.0261402383617304
359,1.0289821799172223
360,1.0209355649253748
361,1.025676772937298
362,1.039956010412941
363,1.03861121241429
364,1.0421005932041447
365,1.0482877092652376
366,1.0441132963719972
367,1.0458806657650555
368,1.0456355205002141
369,1.0461962862074177
370,1.0385253931256477
371,1.0384512354147777
372,1.0428517084224918
373,1.0562236337230277
374,1.0648416717141262
375,1.0846727170931023
376,1.0767499584713398
377,1.0843834870606355
378,1.0854461959603523
379,1.1054597443391605
380,1.0969850613547676
381,1.088280713056748
382,1.081916344342911
383,1.0611972864217711
384,1.055743675679854
385,1.0481281361462047
386,1.0491672545179445
387,1.0520063286443058
388,1.0693217280672593
389,1.077752216750666
390,1.0716839085106047
391,1.0626257679067919
392,1.0667769372633096
393,1.0537719303622228
394,1.0706508276919984
395,1.081234768429159
396,1.0761567548423876
397,1.0593647364161187
398,1.071686479174983
399,1.0700352390578338
400,1.081175668578148
401,1.0654654919950373
402,1.059282362981111
403,1.0588614163418315
404,1.0588381871279793
405,1.054118498420186
406,1.059574365189051
407,1.0490134879427788
408,1.04727913233114
409,1.048040587998295
410,1.0525203035606343
411,1.0588276043141573
412,1.047733849676495
413,1.0328589932477454
414,1.0446711187536735
415,1.0474566583254383
416,1.0400074851963959
417,1.0543469739472546
418,1.0550086713119728
419,1.0657154055229274
420,1.0658318443665578
421,1.0847816069970897
422,1.1006951490119279
423,1.0975434910831747
424,1.1059498189537518
425,1.1112071768916982
426,1.1232569328843633
427,1.113161033576487
428,1.1187455070987917
429,1.1278042537740816
430,1.1101714082210232
431,1.0981162899609658
432,1.0780686563617259
433,1.0749034085457705
434,1.0810890740637198
435,1.0946414497705284
436,1.0945904570191545
437,1.1092287095167161
438,1.0953210819879058
439,1.0784691143135912
440,1.0773214671465623
441,1.0803368820841261
442,1.0793903514510323
443,1.0592247777011925
444,1.0579126345637038
445,1.0451269322969918
446,1.0510965928408489
447,1.0541550921485416
448,1.0448442606266213
449,1.0396327678310502
450,1.0293095950394882
451,1.0284847174066027
452,1.0372838948162626
453,1.0276737552482824
454,1.0322169141603674
455,1.0269507608332622
456,1.0192449218507798
457,1.0180808425358683
458,1.0081552233148314
459,1.0028590051220825
460,0.9915174324451969
461,1.0101496618966856
462,1.0104023182704254
463,1.0037079756169258
464,1.0057004673438943
465,1.0045938252369389
466,1.0024693998505212
467,1.0082531312670524
468,1.0153454052859618
469,1.0102108516879358
470,1.0046888422356168
471,1.0020526349578955
472,0.9802852337058097
473,0.9661244903216657
474,0.9793090913771946
475,0.9950167888114607
476,0.992703168720327
477,0.9982090312972188
478,1.0011642828504448
479,1.0302477315660121
480,1.0405866587392452
481,1.0390558347737289
482,1.0297168593543164
483,1.0143015203428587
484,1.016110566860831
485,1.0088358624477904
486,0.9953267022095101
487,0.9892542523881445
488,0.9791198680688422
489,0.9952275733764324
490,1.0035961624311913
491,1.0034922870801721
492,1.0174487281795104
493,1.018041308000523
494,1.0097597522847366
495,1.0240744636630927
496,1.0289756177576797
497,1.0189445976348595
498,1.0169957122314979
499,1.0085870108340402
500,0.9954526306646241
501,1.004240276114089
502,1.0222489144858151
503,1.008857114399261
504,1.0141063791121907
505,1.0078464293285239
506,1.0031812538557838
507,0.9975584093745891
508,0.9894138416792936
509,0.989956345097216
510,0.9821843160729071
511,0.9848812871804794
512,0.9845265714506883
513,0.9823915296239137
514,0.9739556088576564
515,0.9687123335745319
516,0.9760984245520581
517,0.9810213421163385
518,0.9719349375618143
519,0.9730962782144522
520,0.9804097407687032
521,0.9647908218336242
522,0.9702045309747565
523,0.9641797969548134
524,0.9698557349074334
525,0.9628828539847792
526,0.9461229017081733
527,0.9311716672304958
528,0.9321722838778912
529,0.9351647460475044
530,0.9271343226390372
531,0.9337467532194479
532,0.9185726837700975
533,0.9185945369047974
534,0.9077975845150063
535,0.9023700774429223
536,0.9035927934437734
537,0.8962277878992523
538,0.8934176685437387
539,0.9037721333464256
540,0.8990847307876443
541,0.9077821938410296
542,0.8978393547921082
543,0.9036563324861953
544,0.9180425078683909
545,0.8953381188812305
546,0.8886388163494431
547,0.8949754543282573
548,0.8938903839101919
549,0.898239522581387
550,0.893340021847982
551,0.8950047261958476
552,0.8943670104138276
553,0.9062398707621573
554,0.9093880497710041
555,0.9132972375395831
556,0.9100934831908395
557,0.9061995812370996
558,0.9028567383174325
559,0.9073549389877889
560,0.9041122878138332
561,0.9076114164295668
562,0.9279553533848901
563,0.9367584910309809
564,0.9341797749557196
565,0.9460525623707172
566,0.9426247668048129
567,0.9238216591517836
568,0.9149007288771727
569,0.8978987978543186
570,0.895387634636692
571,0.8963919288292563
572,0.9130550587400674
573,0.9168342712698426
574,0.9154240113382728
575,0.9239323954285978
576,0.9036428417804584
577,0.9066339294386273
578,0.9146589214178543
579,0.9013649047857099
580,0.9129551828565183
581,0.916844505145463
582,0.9135803674522248
583,0.9202454641656268
584,0.9423344674063951
585,0.9445106049447709
586,0.947296461046295
587,0.9433741905935887
588,0.9357933272982384
589,0.9441488400487336
590,0.9365028714201658
591,0.9376830542634821
592,0.9336641945692612
593,0.9387166031510441
594,0.9423557898612103
595,0.952617114548907
596,0.9481739672098642
597,0.9460352064880069
598,0.9372150506991015
599,0.9335151672498659
600,0.9376079792031402
601,0.9452560240604778
602,0.9369768567904934
603,0.9456940440497202
604,0.9589346174224835
605,0.9631671257902399
606,0.9811935036947159
607,0.9740311409304153
608,0.9624763615111342
609,0.9459668416281091
610,0.9605319662131238
611,0.9670283788379916
612,0.9667648325998219
613,0.9696740586273168
614,0.9592798688357085
615,0.9827132284320482
616,0.9840714504304663
617,0.9852315511378618
618,0.9922066110377049
619,0.996813573350705
620,0.9989543676323924
621,0.9914933847774855
622,0.9960158548253477
623,1.0138309349501626
624,1.0264341900931866
625,1.0412785935272946
626,1.036120451548748
627,1.0264828946889504
628,1.0250841383108968
629,1.025411608775779
630,1.0355490673573016
631,1.019274644355662
632,1.0335745629986606
633,1.0318150639100143
634,1.0275289164367847
635,1.0177469455523622
636,1.0019691710309484
637,1.0097317735885296
638,1.0103473269609697
639,0.9980762205265941
640,0.9858541444779413
641,0.982793545999767
642,0.9987008761896755
643,0.9962582789882093
644,0.982084609333395
645,0.9799047412807833
646,0.9774872319531728
647,0.9521827212463233
648,0.9520491851933912
649,0.9502476210154169
650,0.9572210129606475
651,0.9750315216318816
652,0.9858747231012037
653,0.983446069167824
654,0.9731217625220389
655,0.9976510464145636
656,0.9982292505084548
657,0.9983749235127798
658,0.9981598602993222
659,1.0000461896380304
660,0.9986817453781959
661,0.9932716112635666
662,0.9881576798857654
663,0.9879421772404258
664,0.9829029928154108
665,0.9763029238339612
666,0.9774966669900705
667,0.9752659566308058
668,0.9896736564957881
669,0.9647063014381484
670,0.975300180458714
671,0.987270609100208
672,0.9677799398487454
673,0.9647975612142661
674,0.9615671593698187
675,0.9485724465157941
676,0.9416309248415999
677,0.9316002161156345
678,0.9487004709112445
679,0.957948939800299
680,0.9702977446578542
681,0.9773526368773989
682,0.966863841411856
683,0.9621705761467988
684,0.967094964622909
685,0.9558080933663863
686,0.9628960246820262
687,0.9609196391149739
688,0.9576880769843401
689,0.96474182613998
690,0.9692195466267257
691,0.9660530262732628
692,0.9772770836539769
693,0.9672423359872504
694,0.9733223618748267
695,0.9791383692717627
696,0.9763789988494259
697,0.9796481345095919
698,0.9679877451622502
699,0.976973045310856
700,0.9754086379555261
701,0.9706645392210549
702,0.9808095658189795
703,0.974306448556828
704,0.9612016573409252
705,0.9468008175643186
706,0.9529492890954027
707,0.9412237872998702
708,0.9582715116342772
709,0.9389303063260406
710,0.9554449923651614
711,0.9577925311815411
712,0.9572136580837693
713,0.9524042308390013
714,0.9565534568166926
715,0.956542656139759
716,0.9673127785543669
717,0.9686515507725334
718,0.9703205661402069
719,0.967120304748358
720,0.9668431691441747
721,0.9700147719296763
722,0.954093177548047
723,0.9417183625941541
724,0.9492041008120776
725,0.9512217695010626
726,0.9498704191953709
727,0.9504424573061943
728,0.9541201095394644
729,0.9493839860762365
730,0.9424314120880251
731,0.9447388693587407
732,0.9359326959782096
733,0.9402987925867538
734,0.9246847088249605
735,0.9350070559337681
736,0.9399884994098101
737,0.9428840347506419
738,0.9526228930590919
739,0.968736156112128
740,0.9785691780337927
741,0.9613446374543752
742,0.9495605601983319
743,0.9440568926015028
744,0.9447474227684438
745,0.9500773532579067
746,0.9436159302930304
747,0.9458282029525328
748,0.9391204400510577
749,0.9338253110581732
750,0.9210588089978354
751,0.9129615922034688
752,0.9008801542268156
753,0.8924456841748254
754,0.9032552690158621
755,0.8950521080738102
756,0.9207587003483824
757,0.9260490155627782
758,0.9283824653398118
759,0.9208401398210464
760,0.928085699042459
761,0.9232171812718034
762,0.9249794531043869
763,0.949765379354371
764,0.9492563860853938
765,0.9605187253577823
766,0.9541876761334431
767,0.9542206558460982
768,0.9713164772006133
769,0.9656198423671852
770,0.9830187298630876
771,0.9898411290309435
772,0.9846069435276135
773,0.9907048020879506
774,0.9999683492505996
775,1.0058441523140562
776,0.9909605411838471
777,0.9841614824338317
778,0.9819483536880435
779,0.9813882909271636
780,0.987400802960489
781,0.9891799132170606
782,0.9766479687510444
783,0.980425834342253
784,0.986350677849425
785,0.9917485283441974
786,1.002026434148801
787,1.009890175029966
788,1.014150525493895
789,1.0133752160821372
790,0.9975744579754167
791,1.0016532189036853
792,1.0036025622994633
793,1.006140149337207
794,0.9940272779276308
795,0.983859656344046
796,0.9939391133897729
797,0.9936134545924015
798,1.0001037177591623
799,1.0003704781051093
800,1.0006487068922703
801,1.0095095070313413
802,1.0045578704095681
803,1.0054299528049324
804,1.0010187670443864
805,0.9969050781510045
806,0.9940082390549226
807,0.9961547595615441
808,0.9916615280805284
809,1.0035934864848584
810,0.9951117223125114
811,0.9933847471045286
812,0.9892821811689758
813,1.0030398990610845
814,1.004873040941101
815,1.0145843804526897
816,1.0004314053135202
817,1.0029513692869818
818,1.0113341665922269
819,1.0120217235052036
820,1.0219941562127752
821,1.0169316830065371
822,1.0301143861328936
823,1.0515979285132382
824,1.0477599190119855
825,1.0431712688925618
826,1.0565618322237065
827,1.0710384826343886
828,1.0655341222876489
829,1.0610436179837743
830,1.057896530545421
831,1.0447331710489998
832,1.035697700911149
833,1.0259261474312393
834,1.0184653793045795
835,1.0179910872956148
836,1.020061422087361
837,1.0345530569934225
838,1.024845267410252
839,1.0339490551635504
840,1.0316576136993691
841,1.0309389746731965
842,1.037069872098483
843,1.0261669408339769
844,1.029572699155125
845,1.0309108207225381
846,1.035318723810639
847,1.0377708033314437
848,1.060671440637558
849,1.054163844840807
850,1.0487165234496871
851,1.0424417598576687
852,1.0368561550784168
853,1.030540903669246
854,1.04153366570937
855,1.0546265369293066
856,1.0487999474319485
857,1.040547625373238
858,1.0446802771311052
859,1.0391076544591686
860,1.0447779197728937
861,1.0463399817731733
862,1.031649768499009
863,1.0460211295576218
864,1.0626253314551555
865,1.0563379961534116
866,1.0522274338051616
867,1.0545141044061863
868,1.0572417723932102
869,1.0630101310866624
870,1.0815046981596022
871,1.07918584133604
872,1.0710141823444
873,1.057417236094419
874,1.0500549040606317
875,1.0493446224461775
876,1.0659099763877362
877,1.0604959142904442
878,1.062130385366727
879,1.06148210528868
880,1.072223413005266
881,1.0955274783816291
882,1.0897530853914517
883,1.084415991292883
884,1.0936124159989755
885,1.099312729254596
886,1.1159742770200232
887,1.120571448971072
888,1.116219541565629
889,1.1208783277969403
890,1.1303952401029895
891,1.1371131851257723
892,1.14081827428979
893,1.149779797361355
894,1.1596398736017384
895,1.1714330653444767
896,1.1762022177307576
897,1.1732246700023752
898,1.1732361850635027
899,1.1832617328485366
900,1.1740879581421477
901,1.1761899430032199
902,1.1710749076993574
903,1.1699887833829716
904,1.180719900667486
905,1.1810913322049712
906,1.1800928835459987
907,1.1658141422040815
908,1.171549590343862
909,1.1762873378676126
910,1.195329067798492
911,1.1908706061422356
912,1.1914265360143743
913,1.192263732106809
914,1.2056433619106026
915,1.2031108135947397
916,1.2041353286093048
917,1.2082592890521546
918,1.2083697280240533
919,1.2024975988774325
920,1.2027244531238723
921,1.2112603953562735
922,1.1998840676974134
923,1.1995541315281297
924,1.191354848707962
925,1.2011282886655779
926,1.1851392690122984
927,1.1783885946979893
928,1.1805371293896758
929,1.1938971066467614
930,1.1917369591515765
931,1.184969094840509
932,1.2012763496612657
933,1.1859964730452264
934,1.163743547194654
935,1.166601740976063
936,1.160535538428333
937,1.1496117037648415
938,1.155117648573172
939,1.1561902563316737
940,1.1496206090626377
941,1.1363354044779708
942,1.1434973243159654
943,1.1485022803020921
944,1.1463865669486697
945,1.162673848274546
946,1.1512714353671611
947,1.1356560104875306
948,1.1280414587585739
949,1.1265945093387244
950,1.1278891326787797
951,1.1245946730753191
952,1.1269324372739498
953,1.1140991010052645
954,1.1268358457777858
955,1.125052956409931
956,1.1346179258834401
957,1.1367879797695337
958,1.140018273126792
959,1.1442908117361368
960,1.1473760948123444
961,1.152279602496824
962,1.1636303451130494
963,1.1641886420889405
964,1.1695850134178798
965,1.1673911780029413
966,1.1796705052004415
967,1.1718532423100785
968,1.1875066152297236
969,1.1856390105234946
970,1.1706461311064802
971,1.1705022696744172
972,1.1627137437877146
973,1.1693656997683177
974,1.161854810587679
975,1.156354211443876
976,1.137258823338813
977,1.1318955746081858
978,1.1079452775253358
979,1.0921220940741323
980,1.098576209462837
981,1.10521897216546
982,1.1084040970359936
983,1.0984066813507594
984,1.0971748460036947
985,1.096369576272436
986,1.0846592208829329
987,1.0981931009757566
988,1.1057040850454423
989,1.1027772485476715
990,1.102215603398055
991,1.1033734009052032
992,1.0832603959992815
993,1.0802639924775315
994,1.0731828312418406
995,1.0631375956409879
996,1.0599803555105065
997,1.0764908619618745
998,1.0819391874873565
999,1.0758917423288723
1000,1.0806998256437996
1001,1.0932820168406485
1002,1.101278650440877
1003,1.1010383056614097
1004,1.0941234363902421
1005,1.0999740151596373
1006,1.1028986580033224
1007,1.1105407828286535
1008,1.1156652844107524
1009,1.1246646469365749
1010,1.118617747609924
1011,1.130124540758681
1012,1.1309589470695753
1013,1.1495289623987628
1014,1.1418300118402323
1015,1.1571076929262885
1016,1.15773088759885
1017,1.1503237335964678
1018,1.1445583967351094
1019,1.1403841103340926
1020,1.1432779421882728
1021,1.1470811466556157
1022,1.1404928804765218
1023,1.1391477283498652
1024,1.15828593347787
1025,1.1733534445077805
1026,1.1761004946663685
1027,1.175061970807785
1028,1.17480677951578
1029,1.1792166240539161
1030,1.1681297885721837
1031,1.1643634454875134
1032,1.1472923361940617
1033,1.1498956533275857
1034,1.1548214320923897
1035,1.1490270076531426
1036,1.1627170305619097
1037,1.1498432287362128
1038,1.1348169547649545
1039,1.1358678492664362
1040,1.1446836819558084
1041,1.1594470198278708
1042,1.1538455185748673
1043,1.162817098214527
1044,1.1611610281878175
1045,1.1582507977473206
1046,1.1653446405998282
1047,1.1701962533717334
1048,1.1539499836843239
1049,1.1666801532960132
1050,1.1783979324708942
1051,1.1710710639437254
1052,1.1734533489353005
1053,1.1767448815300867
1054,1.1778052799382601
1055,1.171194231986191
1056,1.1634893032972635
1057,1.1619503058697225
1058,1.1717462336255424
1059,1.1755197069282834
1060,1.1706247171133188
1061,1.1765624201040872
1062,1.1482449332943727
1063,1.1579232017685404
1064,1.1402310929847768
1065,1.1356934028169978
1066,1.1240365850069423
1067,1.1108185776234758
1068,1.1209078472263174
1069,1.1155289001852289
1070,1.1178861580783628
1071,1.1165071958524355
1072,1.1200901476895242
1073,1.119862949918544
1074,1.106788519667963
1075,1.1153548283188133
1076,1.1097737526396116
1077,1.094194215955001
1078,1.0894013347824576
1079,1.1028726474639354
1080,1.1100900381983612
1081,1.1059218547303442
1082,1.1017810299856992
1083,1.0979340784675649
1084,1.1167802478060411
1085,1.119462371240657
1086,1.1225777687970062
1087,1.131340192930941
1088,1.1325541559136565
1089,1.1290544205999231
1090,1.1261748474857192
1091,1.1244968915002302
1092,1.1231571038576016
1093,1.1290551194505658
1094,1.1285217149546534
1095,1.1344244993611579
1096,1.1325949382635208
1097,1.1322856301903466
1098,1.1123545225190585
1099,1.120121302626201
1100,1.1224419673094783
1101,1.1309005147949396
1102,1.1024945808773985
1103,1.1214144179412722
1104,1.1191318134435941
1105,1.1286576662188603
1106,1.1178103862366924
1107,1.1226655523238414
1108,1.1117381747394208
1109,1.1049573011660678
1110,1.122210203012054
1111,1.1194385014380102
1112,1.1205451243565792
1113,1.1278097843032184
1114,1.131479174524927
1115,1.1318570140681548
1116,1.1342590871536702
1117,1.1559036814703456
1118,1.1541219042086197
1119,1.1547989218730355
1120,1.1634981098785735
1121,1.1726467439981307
1122,1.1824929138413551
1123,1.187079990676405
1124,1.1747948476084613
1125,1.1888420641207271
1126,1.1765113717711149
1127,1.177970124221494
1128,1.1694304260642447
1129,1.1674796897338573
1130,1.1692569986259704
1131,1.1709502293777003
1132,1.1735802579136512
1133,1.1874507750540684
1134,1.1902485668217306
1135,1.1864315942115073
1136,1.1940617458468585
1137,1.203761012923433
1138,1.1905440585044589
1139,1.1946767041362958
1140,1.1997571105797642
1141,1.195360025867918
1142,1.206808756989854
1143,1.2037495256267936
1144,1.2033190518510655
1145,1.200070033560951
1146,1.198629384314465
1147,1.1866941347421422
1148,1.171605233436406
1149,1.185309943787601
1150,1.1758361974561087
1151,1.1650728949067821
1152,1.1434151685794645
1153,1.136239331949855
1154,1.1226560439978415
1155,1.1371981681980445
1156,1.145651168447494
1157,1.1379927972289932
1158,1.1581811341024564
1159,1.166202540148982
1160,1.1618141043029044
1161,1.1369127012834044
1162,1.1574734650966514
1163,1.1430934500634116
1164,1.1264102310042308
1165,1.1350693575638435
1166,1.1570508718489345
1167,1.168884585016803
1168,1.1728726715021054
1169,1.1771205664556603
1170,1.183778866722573
1171,1.1894915054005266
1172,1.190644613773397
1173,1.1901161691666857
1174,1.1880158612162222
1175,1.179399376129025
1176,1.1753234413687028
1177,1.1579350472322059
1178,1.1557523723459595
1179,1.1451749344858082
1180,1.1335948135985778
1181,1.1342343772511307
1182,1.1463222103153718
1183,1.1538381992329987
1184,1.1377774253186201
1185,1.1273328467612596
1186,1.1352117207696164
1187,1.1248549786261965
1188,1.1217414823434415
1189,1.1259727838960063
1190,1.115823004857483
1191,1.115899479601415
1192,1.1023742863825305
1193,1.0958794019303908
1194,1.098140109551424
1195,1.0823088438680468
1196,1.0858176941306203
1197,1.0849510415620003
1198,1.0894973663080332
1199,1.0909028594420596
1200,1.1030713236447875
1201,1.1034365575954332
1202,1.0985581315586856
1203,1.0989315269474613
1204,1.1032800399294642
1205,1.1029220413411776
1206,1.1024887551725924
1207,1.095042154395294
1208,1.0880240266836458
1209,1.0740720492373743
1210,1.0900161221239248
1211,1.0775483056497692
1212,1.07038550420826
1213,1.0630385785070746
1214,1.07099451284132
1215,1.0676440518337091
1216,1.0788972486532127
1217,1.0719071917913832
1218,1.073972746830478
1219,1.0654923738190443
1220,1.0852423470645756
1221,1.073344070235694
1222,1.0756895049768802
1223,1.0810774232400941
1224,1.0843439855720762
1225,1.081923785052616
1226,1.0800469059733464
1227,1.0798255925667546
1228,1.0778030177658917
1229,1.086293335058508
1230,1.1064959463542297
1231,1.100382938212597
1232,1.0866428266942056
1233,1.0851209982654741
1234,1.1088213967952643
1235,1.100363724052097
1236,1.1150553845488758
1237,1.1299950291777545
1238,1.123732405395947
1239,1.1281267869204046
1240,1.142496809446901
1241,1.1377834619671607
1242,1.1347662888397108
1243,1.1282003471162576
1244,1.117594334220184
1245,1.110525949724417
1246,1.0980836111991998
1247,1.0976272283434492
1248,1.089576845908175
1249,1.0910749877833716
1250,1.075650338470644
1251,1.078176463273925
1252,1.0854321235205147
1253,1.0659150597575555
1254,1.0689264267201062
1255,1.0799797731816554
1256,1.0679149798230398
1257,1.0831802955656888
1258,1.0864794919661678
1259,1.0791314109286585
1260,1.0779764156066185
1261,1.0826332485967496
1262,1.0826956126062184
1263,1.0871300638395935
1264,1.0777390076608784
1265,1.0787223407747317
1266,1.0647392139221876
1267,1.0631744231455271
1268,1.054131914450967
1269,1.0467521914039724
1270,1.0580611249048135
1271,1.067912233691705
1272,1.0731290619314877
1273,1.062227287089561
1274,1.0587436409080935
1275,1.0697401173578405
1276,1.070525723327447
1277,1.0918815995473787
1278,1.0948688847506474
1279,1.0959306506715472
1280,1.0922484202638687
1281,1.0927781328868444
1282,1.090601093964919
1283,1.0965730357340568
1284,1.10484657024435
1285,1.096587552301698
1286,1.083242015382688
1287,1.0652308545624098
1288,1.069513216221714
1289,1.058535689583516
1290,1.0377282166582724
1291,1.041100509054439
1292,1.0643309457586023
1293,1.0637630179750046
1294,1.071179955369008
1295,1.0713882498478045
1296,1.0698872570449525
1297,1.0780170527384456
1298,1.0746550331521476
1299,1.076589152765908
1300,1.0790210608918085
1301,1.072081048209047
1302,1.0808828954939993
1303,1.0785877534460535
1304,1.0708229205936919
1305,1.0753303754295471
1306,1.0662427908757575
1307,1.065983341347581
1308,1.0653734976162736
1309,1.0751154089656696
1310,1.0790047316119815
1311,1.078141227400693
1312,1.0852482241373076
1313,1.0977078775208131
1314,1.1022032301373947
1315,1.1014899164528567
1316,1.088288753669587
1317,1.0775236711664038
1318,1.0740243015716542
1319,1.0676774581576904
1320,1.0653736227238808
1321,1.0653900759235382
1322,1.0698762331359333
1323,1.0686555090196543
1324,1.0727076324631073
1325,1.0727398137164263
1326,1.0534961091150836
1327,1.044195651642929
1328,1.042483393076268
1329,1.0307156823904493
1330,1.036140700790285
1331,1.0503181056230124
1332,1.0614349726033985
1333,1.0589305479000346
1334,1.0725488831068126
1335,1.073377873748126
1336,1.0696103466349491
1337,1.0632617732047251
1338,1.0599016257482397
1339,1.0557582898537206
1340,1.0569260456858298
1341,1.0579915331756127
1342,1.0575600650973658
1343,1.0612319168105395
1344,1.0719964990115554
1345,1.0803975414356446
1346,1.065728498757024
1347,1.0410745576084754
1348,1.0495770623778666
1349,1.0362678039559827
1350,1.0338561308251195
1351,1.0225309025427325
1352,1.0053249711943137
1353,1.01039905138617
1354,1.0174898612347123
1355,1.0119035415673392
1356,0.9873260206528383
1357,0.982265082915065
1358,0.9861080360858848
1359,0.9722438889747688
1360,0.9741967639564657
1361,0.9742568870672498
1362,0.9799349876464872
1363,0.9812241620495247
1364,0.9721785394003846
1365,0.9837058825693507
1366,0.9823372372985195
1367,0.9822194143077148
1368,0.9735419767589899
1369,0.9695633375087779
1370,0.9614442985340925
1371,0.9601161095048248
1372,0.9766067731593392
1373,0.9638291863771005
1374,0.9488695342410757
1375,0.9631765845268171
1376,0.9614909110228929
1377,0.9554743955863765
1378,0.9656539490779701
1379,0.9602040078256294
1380,0.977774019010625
1381,0.9843562130526455
1382,0.9798700406355357
1383,1.0004144487664277
1384,0.9946876914488341
1385,1.0017419947829136
1386,1.0045562184882164
1387,1.0168203570350733
1388,1.0314417560521916
1389,1.0314946290891394
1390,1.0241255420073878
1391,1.0282803976668962
1392,1.0216521417519
1393,1.040505020606416
1394,1.0414736898004004
1395,1.0376925693416283
1396,1.0391384868279365
1397,1.0260987169641296
1398,1.01671069458896
1399,1.0279209152814592
1400,1.0214922532163784
1401,1.0114293008317294
1402,1.016409483964918
1403,1.0274831011142478
1404,1.0340584514937288
1405,1.043199912289585
1406,1.0357060144221641
1407,1.021987785370972
1408,1.0359995487021785
1409,1.0326648001172263
1410,1.0300354064499078
1411,1.0423472851801898
1412,1.0472670751746438
1413,1.0511996741955392
1414,1.0712506768337966
1415,1.064604519551187
1416,1.0728590503952107
1417,1.072819527356161
1418,1.0747795530777384
1419,1.0886287336437548
1420,1.0927239278458198
1421,1.0970744435025905
1422,1.1064382531749208
1423,1.1021450259814762
1424,1.0934045651805986
1425,1.0827907401974028
1426,1.0635533475294636
1427,1.082478286989047
1428,1.0713993581955346
1429,1.0687420463915547
1430,1.0655808347694347
1431,1.0679650722172274
1432,1.0751336590234557
1433,1.0826680703564746
1434,1.0765024106401877
1435,1.0743160968889878
1436,1.0763964161479502
1437,1.0734401851236204
1438,1.0880453146011309
1439,1.0919858194844436
1440,1.098199715676322
1441,1.1036839920879833
1442,1.1139493889652519
1443,1.1147555216863376
1444,1.1015908534829495
1445,1.1045612730193135
1446,1.0975766775185705
1447,1.0918073013044904
1448,1.0966192911125665
1449,1.1075531465550983
1450,1.1069005476611455
1451,1.1089703282875865
1452,1.1241899037747254
1453,1.1254791733330505
1454,1.1490669015577313
1455,1.1532273947902667
1456,1.1353736601464584
1457,1.141417675238729
1458,1.1438969209387162
1459,1.154941899883874
1460,1.1600731681325578
1461,1.1574944600877166
1462,1.1446759731131435
1463,1.1415526669721394
1464,1.1323925702258115
1465,1.1258564045471062
1466,1.1304190873548439
1467,1.1451631296320528
1468,1.147740336721172
1469,1.1352677615831723
1470,1.1383953082496219
1471,1.14860403751823
1472,1.1416627335430416
1473,1.139272082939577
1474,1.1383055393425001
1475,1.1297912844000964
1476,1.134886869154865
1477,1.1326734858660372
1478,1.135584730669287
1479,1.1261226485461913
1480,1.1209880827463998
1481,1.1268537220980368
1482,1.1223240043795617
1483,1.1376714534964134
1484,1.1328026159058275
1485,1.133871697989753
1486,1.1416213792537373
1487,1.1270951036337513
1488,1.1094483329678126
1489,1.094163598281334
1490,1.105346566518286
1491,1.0992959133248277
1492,1.1226805616421671
1493,1.1163752677342071
1494,1.1171955003996221
1495,1.1308369467691926
1496,1.1487543543347858
1497,1.167053142044768
1498,1.1771453110958183
1499,1.1854158772508119
1500,1.1895431760719208
1501,1.1953936859998207
1502,1.1886347269900814
1503,1.1794063732374875
1504,1.1779506275070026
1505,1.1749302274103142
1506,1.1692592897517124
1507,1.1744962049199759
1508,1.182138100147746
1509,1.181527926225075
1510,1.1940485753589254
1511,1.1817205591914253
1512,1.178448422644428
1513,1.1702588310556559
1514,1.151270457271111
1515,1.1492886390401051
1516,1.146953402750376
1517,1.1600878617689123
1518,1.164777933331465
1519,1.153792516122804
1520,1.1700914685916406
1521,1.1802792202326244
1522,1.1843487390637457
1523,1.1807455802564124
1524,1.1702452428869046
1525,1.165377066716376
1526,1.1743522577710155
1527,1.1907761764425422
1528,1.203844360476317
1529,1.1976073552394264
1530,1.1854596525676309
1531,1.1853190004648269
1532,1.1671380334255088
1533,1.168865188966371
1534,1.16613027571031
1535,1.1604081504378485
1536,1.1440665422681755
1537,1.1477762218525065
1538,1.1415698448915874
1539,1.1293915996871886
1540,1.101224355384671
1541,1.1001609960701084
1542,1.1161122710492455
1543,1.130888169177495
1544,1.1255302205406448
1545,1.1188435798481915
1546,1.1223298771999657
1547,1.111925149499124
1548,1.1138885200711723
1549,1.120223421145311
1550,1.1308626962438109
1551,1.1288777363480673
1552,1.1259303611294154
1553,1.1166347581759963
1554,1.107895800560651
1555,1.1048994603075537
1556,1.1075382026629261
1557,1.1153172881591036
1558,1.1068127438657622
1559,1.1200696048846934
1560,1.1165547942878822
1561,1.1154278542842775
1562,1.10745127348927
1563,1.0836915682938892
1564,1.091380793306702
1565,1.097618069296744
1566,1.094185027168295
1567,1.0940705297309836
1568,1.0981991055882903
1569,1.082655077073659
1570,1.0770000064887884
1571,1.0838939911027565
1572,1.0713762447558137
1573,1.0735836283510571
1574,1.0601811381286923
1575,1.0641108591109607
1576,1.0632652624169643
1577,1.0475015960187077
1578,1.0581303516324214
1579,1.0507277616803015
1580,1.0426689945131098
1581,1.0442255524728457
1582,1.054728158786037
1583,1.0446951943574452
1584,1.0449232903912804
1585,1.0486186914046836
1586,1.0547820611642116
1587,1.0560144988874358
1588,1.0521018522779852
1589,1.0438683529734973
1590,1.0443341746259265
1591,1.033851554680705
1592,1.0059787241490863
1593,1.0100563763653134
1594,1.0185179452506232
1595,0.9960433646122743
1596,0.9865337081382576
1597,0.9924910413197998
1598,1.0119921410031714
1599,1.01209344735001
1600,1.005118486408366
1601,1.0033496545759266
1602,1.0163144310462042
1603,1.0100811636710851
1604,1.0024494997949316
1605,0.9978685617963649
1606,0.9888773693469561
1607,0.99012476972688
1608,1.0055549130044397
1609,1.008563638573381
1610,1.006111156726798
1611,1.003305298171089
1612,0.9885083008903741
1613,0.9969441078897797
1614,0.9962328686230291
1615,0.9945573916053745
1616,1.0247726173886502
1617,1.0273989589533974
1618,1.0200777491966548
1619,1.0158897013767256
1620,1.026615384567047
1621,1.0274744561318585
1622,1.0136659554398293
1623,1.02224339247181
1624,1.0157534894312983
1625,1.0333294619068347
1626,1.0432704373174533
1627,1.0387002265343133
1628,1.0504975487312642
1629,1.0507379488419157
1630,1.0583932205260924
1631,1.0625100768639233
1632,1.0540166464657441
1633,1.047506968591689
1634,1.056862144099352
1635,1.0532475276920172
1636,1.049010808798634
1637,1.0395967740665542
1638,1.0432851488947708
1639,1.0624306445712877
1640,1.0518479253812634
1641,1.0516652862644307
1642,1.0645994742599607
1643,1.0633342396080048
1644,1.0671060986020473
1645,1.056534835268043
1646,1.060133267756304
1647,1.0578876725120294
1648,1.066742519498375
1649,1.0774325605436281
1650,1.101287092844315
1651,1.1059602456993987
1652,1.1081977771960843
1653,1.1091758236813285
1654,1.1049722410965366
1655,1.1073374997598642
1656,1.1036943338834004
1657,1.104463169582523
1658,1.1160842232626667
1659,1.1056519866472574
1660,1.115584318808015
1661,1.12711255050245
1662,1.1249880780219785
1663,1.1039464649311426
1664,1.0973781150613553
1665,1.108860719385499
1666,1.1077806625442335
1667,1.0974827419203919
1668,1.0919393946882108
1669,1.09915282958556
1670,1.1035320489911693
1671,1.1004526699389765
1672,1.096189261639301
1673,1.0917240882421333
1674,1.0822801623057725
1675,1.0968910106741714
1676,1.0930763922418407
1677,1.1038387576884243
1678,1.1173897260600467
1679,1.1258912128804532
1680,1.120813647669377
1681,1.1236696999666116
1682,1.122459567420854
1683,1.112948486153409
1684,1.1151169767211748
1685,1.103062471088735
1686,1.1134670303230778
1687,1.1081762775382777
1688,1.1092185157361207
1689,1.1110285208961383
1690,1.1077009201102292
1691,1.1123898862403148
1692,1.107010485258548
1693,1.1143941812896987
1694,1.1007679784488629
1695,1.1011624073677173
1696,1.1186806880520517
1697,1.108286535280937
1698,1.101023030318786
1699,1.1050772329761818
1700,1.1059401750220414
1701,1.1084125229995117
1702,1.112174490046538
1703,1.1172817704503248
1704,1.1268366406474233
1705,1.1297024229596684
1706,1.1263933680932812
1707,1.1317454702376608
1708,1.1486520681250811
1709,1.1462190187052599
1710,1.13585011392604
1711,1.1452328674623344
1712,1.1429427305772288
1713,1.1212784669619769
1714,1.1283233216369244
1715,1.1222465066840375
1716,1.120420837205132
1717,1.1226020355422563
1718,1.1234290562910463
1719,1.1291531501609566
1720,1.124013165745801
1721,1.127877328336768
1722,1.1244099433251662
1723,1.130403665674144
1724,1.1351833921166217
1725,1.125271443150936
1726,1.1345387918040892
1727,1.1284066450880494
1728,1.135022973227416
1729,1.1374219012251034
1730,1.1537004543327314
1731,1.150369054400508
1732,1.1458749157379011
1733,1.1445336802837747
1734,1.1405218079119595
1735,1.1469652959533518
1736,1.1305262050322027
1737,1.1195339197632488
1738,1.108495448647056
1739,1.1166139363627177
1740,1.1318522059785292
1741,1.1298188075533162
1742,1.1271932842159107
1743,1.1268457444291162
1744,1.1368177501803962
1745,1.1269692315537896
1746,1.128213914413398
1747,1.1364110951195994
1748,1.1400633622272878
1749,1.1407431261366066
1750,1.1490851136698916
1751,1.1223587542559108
1752,1.127792972729469
1753,1.1205983085151368
1754,1.1023433241291343
1755,1.106361486053195
1756,1.1184972004779234
1757,1.1162579801209476
1758,1.124339115890972
1759,1.1385868950640075
1760,1.1499117727839638
1761,1.16421820503693
1762,1.1699273316010517
1763,1.1692914828745355
1764,1.1528107455803058
1765,1.1492728899188898
1766,1.1401202530679553
1767,1.1595216680712228
1768,1.1565936583763858
1769,1.1565150275605873
1770,1.160483891790356
1771,1.159622214501107
1772,1.1743720983593797
1773,1.1671047093699074
1774,1.1676173491243256
1775,1.1592713651114988
1776,1.1455342663378865
1777,1.1385985579268783
1778,1.1371486045349442
1779,1.1320035988202877
1780,1.124413187941639
1781,1.110137330712124
1782,1.1084779510637532
1783,1.0933987438642778
1784,1.0998393377866755
1785,1.0998259445342784
1786,1.0852611080237358
1787,1.0816626814168093
1788,1.0739073549111393
1789,1.076336704243035
1790,1.0883969235446163
1791,1.069976646302065
1792,1.0705081703780002
1793,1.0684354690320106
1794,1.0742358978440387
1795,1.0756612428326058
1796,1.0679553144736347
1797,1.0644012102645928
1798,1.056368352211496
1799,1.0660882961141662
1800,1.0657651619790272
1801,1.083207779639802
1802,1.0819742096231677
1803,1.0746298058996173
1804,1.059734249285535
1805,1.0422220995045464
1806,1.0269183258049064
1807,1.029228797895425
1808,1.033803822941746
1809,1.018594690872168
1810,1.0269044310780553
1811,1.0221264059515067
1812,1.0233378631404801
1813,1.0383866950077738
1814,1.0465563736830652
1815,1.0436495025332706
1816,1.0348821029142656
1817,1.01427251647323
1818,1.0073638823999587
1819,1.0053104456524773
1820,0.9959403295147802
1821,0.99473228736191
1822,0.9955002766411264
1823,0.9934112994145996
1824,0.9873216436161976
1825,0.9890159023475208
1826,0.9932790243436115
1827,0.9830290626033636
1828,0.9964958104167634
1829,0.9955920511586072
1830,0.9958051470746399
1831,1.002530436839767
1832,1.004714039311462
1833,1.0136829209396239
1834,1.01628739467371
1835,1.010371140397689
1836,1.0137047169944995
1837,1.002788752568885
1838,1.0037924124115856
1839,1.0034483200028315
1840,1.0014544329266777
1841,1.0002283244888885
1842,0.9824447103206596
1843,0.9773990750019936
1844,0.9784557492758975
1845,0.9801372363167168
1846,0.970584259971711
1847,0.9827775331523056
1848,0.9747296363961476
1849,0.9840907043350002
1850,0.9882535758827434
1851,0.9822405273557435
1852,0.9991565867001502
1853,0.9878844725545172
1854,0.9966658181053116
1855,1.0061468940799172
1856,0.9997613438584423
1857,1.012920798287865
1858,1.0104555347917528
1859,1.0131004527431946
1860,1.0154562910611253
1861,1.0140645237671886
1862,1.021614318604596
1863,1.0289405400460054
1864,1.0121887790751247
1865,1.024416899546363
1866,1.0085140419258292
1867,1.018203114714055
1868,1.0287050083816034
1869,1.0181685270580891
1870,1.0141425022526127
1871,1.0035823331130396
1872,1.0015230890490647
1873,0.9986003506434629
1874,1.0059785585268213
1875,1.0183123635172862
1876,1.0313549996997133
1877,1.0257941619480397
1878,1.0236124854957274
1879,1.0075180890880298
1880,0.9998436653393866
1881,1.0089618970665557
1882,1.02415659366199
1883,1.012301374142932
1884,1.0066054831522286
1885,1.0063035477324316
1886,1.0089007936945975
1887,1.0011801182809592
1888,1.0051777524927217
1889,1.0006592982413025
1890,1.0005175045919203
1891,1.0056752983603685
1892,1.0056909410555046
1893,1.001522315778113
1894,1.0004745186124215
1895,0.9996358011089486
1896,0.9961424159784129
1897,0.9937276387885452
1898,1.0088832153162681
1899,1.0141129041959522
1900,1.0112088704525815
1901,1.0177055112685842
1902,1.0144106936497352
1903,1.025381308950703
1904,1.0286726604001797
1905,1.02743118964557
1906,1.0314440090892698
1907,1.0163510690370938
1908,1.0055743468331495
1909,0.9942485750888633
1910,0.9956449066053836
1911,1.0120501988076984
1912,1.0330383669062524
1913,1.0388051738528168
1914,1.0432297317333556
1915,1.025868242690655
1916,1.0205351537589273
1917,1.0129283195822614
1918,1.0069592554889903
1919,1.005315213558041
1920,1.0008121926631555
1921,0.9821031214457396
1922,0.9893122478097157
1923,0.9792606024298456
1924,0.9816858711960815
1925,1.0014294605059246
1926,0.9927307477649803
1927,0.9688794704906201
1928,0.9664239729450262
1929,0.977093540056391
1930,0.995779981445117
1931,0.9841953220432221
1932,0.9890141224991271
1933,0.9847045414635384
1934,0.9838248161440867
1935,1.0089398866094024
1936,0.9946672004253658
1937,0.9971071386674721
1938,1.0015493829643054
1939,1.0117968026767705
1940,1.012629031032836
1941,1.0154396046234104
1942,1.0116163369690203
1943,1.0140671543814799
1944,1.0107126481103568
1945,1.0165009293882776
1946,1.0128774802341904
1947,1.01633854180143
1948,1.0159323632359216
1949,1.0264460906490276
1950,1.0257505759993994
1951,1.0087926242867589
1952,1.0206468789292338
1953,1.0119246490161733
1954,1.005652497703152
1955,0.9999791664328912
1956,1.0129665510178898
1957,0.9926834174126808
1958,1.02239042230246
1959,1.0321915194208162
1960,1.0340454406347943
1961,1.0332565391746367
1962,1.0356908307730166
1963,1.0403317143117181
1964,1.0461083355640142
1965,1.0509923651227353
1966,1.0514341216867986
1967,1.049161241570926
1968,1.0473416748136177
1969,1.045124237099016
1970,1.0554792286625503
1971,1.060647501167408
1972,1.0323821107744833
1973,1.0383227896790062
1974,1.0398587246348872
1975,1.039365604418715
1976,1.035382024677418
1977,1.0457230817530678
1978,1.054313483649817
1979,1.046579416745282
1980,1.0500560214143608
1981,1.0404774582627165
1982,1.0271200422787548
1983,1.020982882710022
1984,1.0289652042527568
1985,1.037741506816509
1986,1.0422901725585187
1987,1.0488060474423022
1988,1.053296124216132
1989,1.0468117077762167
1990,1.0505214707103914
1991,1.0576836657669904
1992,1.0643532420200341
1993,1.075076677401578
1994,1.0811736730139778
1995,1.0838503109277042
1996,1.093296801541197
1997,1.0923057483909242
1998,1.0832402308909475
1999,1.0810387561605392
2000,1.0733569230394202
2001,1.0663948902153209
2002,1.064502373561759
2003,1.0565027855159934
2004,1.0531443877788824
2005,1.0348296301815512
2006,1.0365686406377748
2007,1.036289804002626
2008,1.0282810278390568
2009,1.0342858612784762
2010,1.04287295634276
2011,1.0273426818603089
2012,1.0199186047241726
2013,1.0124928084870342
2014,1.0035124097060688
2015,1.011322333976189
2016,1.0094009893228104
2017,1.006826947981462
2018,0.9878380462909745
2019,0.9939387057563245
2020,0.9822769201128686
2021,0.982983889602419
2022,0.9857399038021449
2023,0.9987100943968353
2024,0.9863531414324727
2025,0.9579297418158079
2026,0.9600008476611731
2027,0.977331532747838
2028,0.9892183838524797
2029,0.9912850474947453
2030,0.9867086884891024
2031,0.9944407667606918
2032,0.9852857407513805
2033,0.9899036784181514
2034,0.9947600520127978
2035,1.0048196808757595
2036,1.0308577657475286
2037,1.0343208452006487
2038,1.0292392033260411
2039,1.0287654916210314
2040,1.011820998015865
2041,1.005162758509178
2042,1.001254428709462
2043,0.9962923030476637
2044,0.9977613474369175
2045,0.9900079766123734
2046,1.000680022520353
2047,1.0006765820957901
2048,1.000583332622168
2049,0.9974803891549496
2050,0.9989668001924359
2051,1.0067714459605568
2052,0.9985240939506606
2053,0.9923171911914344
2054,0.9895082246543743
2055,0.976874207854448
2056,0.9693164867571415
2057,0.9650601424158809
2058,0.9735996440202241
2059,0.9762901420137047
2060,0.9783075682105348
2061,0.9865199603639802
2062,0.985328903415318
2063,0.9891348867205996
2064,0.9882457638921172
2065,0.9908464899939581
2066,0.9854125851758748
2067,0.9624837022595544
2068,0.9615126318350232
2069,0.9752617933750667
2070,0.9842100412583124
2071,0.9934575071788813
2072,1.0051897691460308
2073,1.0059863159931648
2074,1.0078032637329246
2075,1.0019050712393527
2076,0.9989033438648224
2077,1.0047305379378813
2078,1.0160686326574562
2079,1.0146234603743198
2080,1.0102535124589005
2081,1.0101771241181685
2082,1.0157772230925486
2083,1.0020088614192146
2084,0.9802960474774591
2085,0.9752503437982787
2086,0.963912121422238
2087,0.959397059606518
2088,0.9583229124071219
2089,0.9543708880421069
2090,0.9684575520070278
2091,0.9717953367148969
2092,0.9748583990734829
2093,0.9809372404712963
2094,0.970327570733401
2095,0.9803817496820203
2096,0.979821544865537
2097,0.98631713766382
2098,0.9762976329536664
2099,0.9618041066483255
2100,0.9698355794984312
2101,0.9736317153653196
2102,0.9653174014563475
2103,0.9573751164697086
2104,0.968347768326079
2105,0.9573600905320047
2106,0.9732203029395069
2107,0.9649227741839557
2108,0.9712334015584333
2109,0.9683565551700821
2110,0.9743072791089838
2111,0.9693697955405951
2112,0.9680746440275526
2113,0.9687146697327141
2114,0.9594931846651541
2115,0.9668147994092698
2116,0.9622287616373173
2117,0.9603684672070684
2118,0.9512872847475915
2119,0.9274621163232917
2120,0.9262327711222568
2121,0.9496152982297956
2122,0.9574289904701774
2123,0.9575848621432692
2124,0.9554374053784807
2125,0.9560033594978004
2126,0.9615223288853375
2127,0.9506700748909985
2128,0.9615909325353401
2129,0.9686554844513922
2130,0.9756904676813084
2131,0.9800266067661522
2132,0.9803704857522594
2133,0.9868842166093899
2134,0.9925804280578373
2135,0.9892939432810759
2136,0.983958884689941
2137,0.9850486466529439
2138,0.9998041728184581
2139,0.9880972656811503
2140,0.9743249214840918
2141,0.9760855355617667
2142,0.9767561764839445
2143,0.9785785760443622
2144,0.9810537283927574
2145,0.9790950325640476
2146,0.9933388312396892
2147,0.9782645769443405
2148,0.9706085192679057
2149,0.9698661192128659
2150,0.9545786021703272
2151,0.9532774215222517
2152,0.9693476530274031
2153,0.9697882843859686
2154,0.9722079785630328
2155,0.9605211123774077
2156,0.9550103690130273
2157,0.9518221570223133
2158,0.9492023953776559
2159,0.9617159465090004
2160,0.9672894734000966
2161,0.9570467902299237
2162,0.95971693993702
2163,0.9647443997782248
2164,0.9757976018916079
2165,0.990924390107989
2166,0.981404680226202
2167,0.9738903788314138
2168,0.9622146042292191
2169,0.9603032085046114
2170,0.9650249348361446
2171,0.974631948974558
2172,0.9741156129972162
2173,0.9712987696258373
2174,0.9729605354076202
2175,0.9652837756654068
2176,0.9853035862998074
2177,0.9702292556814734
2178,0.9722111658186767
2179,0.9915529935774362
2180,0.9916842858025903
2181,0.9899545834414276
2182,0.9866567671981177
2183,0.985058124697834
2184,0.998148909766072
2185,0.9772634704162837
2186,0.9919335055838998
2187,0.9785423950130144
2188,0.9761930657878979
2189,0.9723260311824578
2190,0.9781069715167815
2191,0.9631798699995189
2192,0.9678392144578642
2193,0.9872223867868918
2194,0.9744430128089222
2195,0.9764384008322841
2196,0.9703702540267656
2197,0.9746296665770919
2198,0.9750119479196607
2199,0.9691487842553329
2200,0.974003594950119
2201,0.9912594026861365
2202,0.9895249012301961
2203,0.9964091102171744
2204,0.9842173285429634
2205,0.9753051135619696
2206,0.9799649244708089
2207,0.9941475113220084
2208,0.9975541899440701
2209,0.9946154807967904
2210,0.9946515194867874
2211,0.9828787252394157
2212,0.9887267412912338
2213,0.9971534753714384
2214,0.9929042147266989
2215,0.9885190496660851
2216,0.9911224814434054
2217,0.9870663243177535
2218,0.9865440780665596
2219,1.0064913770854853
2220,1.0041056847496728
2221,1.0006871037821534
2222,0.9945629556445748
2223,1.0016380599483945
2224,0.9999126519944407
2225,0.9937773467771911
2226,1.006311882469956
2227,1.0196757757017216
2228,1.0138461493365392
2229,0.9960991145357726
2230,1.0056501834649387
2231,0.9991361969565319
2232,1.006613762234621
2233,0.9879455407772828
2234,0.9964754631530677
2235,0.9850589366683714
2236,0.9920825884150085
2237,0.992280292828965
2238,0.9833276800978209
2239,0.9796138684592699
2240,0.9862607630015413
2241,0.9873704130941786
2242,0.9929928315154923
2243,1.0117240520627933
2244,0.9968503101198122
2245,1.0121565301245916
2246,1.013046120650061
2247,1.0044498690306425
2248,0.9918442703975285
2249,0.9901219786893631
2250,0.9989091506552026
2251,0.997712582288028
2252,1.0120098083180091
2253,0.9982021710056239
2254,0.9981022096696596
2255,0.9862832657922328
2256,0.9898281270842781
2257,0.9982891543598194
2258,0.9943269072595439
2259,0.969764423857018
2260,0.9718842720335441
2261,0.9762342041454097
2262,0.9802430479228145
2263,0.9920768932519325
2264,0.9820192690616917
2265,0.988589411321212
2266,0.9999481083866535
2267,0.9831424472526102
2268,0.9862966632020276
2269,0.981641368240064
2270,0.981016754812301
2271,0.9844526494603505
2272,0.9799721639445446
2273,0.9737462738231399
2274,0.9742773467412518
2275,0.9642079863251453
2276,0.9542319668602577
2277,0.9610146793402397
2278,0.950469003344691
2279,0.9571581678243892
2280,0.9618692592210205
2281,0.9458645433787599
2282,0.9398918056911377
2283,0.9516521281332733
2284,0.942764698579256
2285,0.938830739196555
2286,0.943682274570795
2287,0.9515315851706656
2288,0.9495394360670002
2289,0.9442939760867785
2290,0.9581762192677041
2291,0.9749392114115001
2292,0.9843874457418924
2293,0.9853175355724889
2294,0.9777966698796594
2295,0.9701259247231862
2296,0.9753003147696329
2297,0.9794498355941477
2298,0.992856793975888
2299,0.9990596617482961
2300,0.9848643508966637
2301,0.9949244457700454
2302,0.9855339414706199
2303,0.9820205639725945
2304,0.9845274276368879
2305,1.003507511107192
2306,1.0328656419205071
2307,1.0383377975252903
2308,1.0363024839546695
2309,1.0410649726463586
2310,1.0491266155463927
2311,1.0457066975195939
2312,1.0623070988039176
2313,1.0639865623510747
2314,1.0681819626002058
2315,1.0739332286376984
2316,1.0773300760095597
2317,1.0846435878512313
2318,1.0781393189603137
2319,1.0722437099299733
2320,1.0612748667804008
2321,1.0649414545893467
2322,1.0717863043460303
2323,1.075542118774681
2324,1.0907650444026886
2325,1.0899918094997374
2326,1.0955966034753055
2327,1.0845222966147778
2328,1.0801937363606886
2329,1.086129492185513
2330,1.0934691855826666
2331,1.0899496400880702
2332,1.0885592047182155
2333,1.07351379511815
2334,1.0695567434564577
2335,1.077418035889379
2336,1.0822387835527387
2337,1.0863169411827744
2338,1.086102203230149
2339,1.085485592986579
2340,1.0785676876119354
2341,1.0845474424247932
2342,1.0878542514039093
2343,1.0918061365551914
2344,1.0861069543714674
2345,1.0650763877967777
2346,1.074927027191265
2347,1.0698077795773702
2348,1.061101284906182
2349,1.067169113860708
2350,1.0629318543839645
2351,1.0724478526426742
2352,1.0777030278995756
2353,1.0835454601771786
2354,1.0699753327059767
2355,1.0808717671664279
2356,1.0826985132285016
2357,1.0785528348386877
2358,1.0792842933039206
2359,1.0618712075373027
2360,1.0652415723210173
2361,1.0549971355739824
2362,1.041779117577412
2363,1.0270625950904386
2364,1.0373617294716349
2365,1.0311192276346342
2366,1.04536461427799
2367,1.0399417297162328
2368,1.0234917155943488
2369,1.0127551091184142
2370,1.0243312002860299
2371,1.0226649962051817
2372,1.0173042873060254
2373,1.0186789818026436
2374,1.0232721371013385
2375,1.0336458639653767
2376,1.0470658645010036
2377,1.04329283172858
2378,1.0304192649545947
2379,1.026270963673569
2380,1.0285218835745034
2381,1.0191888535528217
2382,1.0099923350358422
2383,1.01316152092645
2384,1.012597342900611
2385,1.012807266465877
2386,1.005538514257429
2387,1.0033174756819252
2388,0.9945579641770707
2389,1.003012739270931
2390,1.0127710153725968
2391,0.9952248225470637
2392,0.9864796687200926
2393,0.9724461006555245
2394,0.9665226335510665
2395,0.9659999122285625
2396,0.95257189440716
2397,0.9442375514822038
2398,0.9351936051208616
2399,0.9376664337613638
2400,0.9388163869996297
2401,0.9324821923798392
2402,0.9346888481897522
2403,0.930041549412545
2404,0.9280298756954919
2405,0.944413703093623
2406,0.957521030555915
2407,0.9455782768003422
2408,0.9538504296399941
2409,0.9618836728494206
2410,0.951336115162131
2411,0.9594590579862067
2412,0.9743129021709244
2413,0.9639097166236753
2414,0.9555265606883939
2415,0.9654955214928869
2416,0.968334756112421
2417,0.9737970285655463
2418,0.977223254248532
2419,0.9810957515184678
2420,0.9687118017631121
2421,0.9788563429231484
2422,0.9900757363534664
2423,0.9879869615582895
2424,0.9876714845726126
2425,0.9733017239250487
2426,0.9783728657012778
2427,0.9839499443614959
2428,0.983489675881301
2429,0.9942448508281936
2430,0.9911337935014786
2431,0.9965391847506774
2432,0.9869317291778688
2433,0.9868128987056297
2434,0.9852700653595831
2435,0.9875159293532362
2436,0.9841233080060237
2437,0.9830070142395844
2438,0.9909472913018031
2439,0.9868921040773079
2440,0.9718154083165945
2441,0.9885711095106379
2442,1.0017153290616796
2443,0.9894909806253408
2444,0.996091511719509
2445,0.9913698666155575
2446,0.9939280798998381
2447,0.9967564264386325
2448,0.9945672235680497
2449,0.987204451422417
2450,0.9807810037720062
2451,0.9722763356253468
2452,0.9646363836434055
2453,0.9642822720903791
2454,0.9578024499442744
2455,0.9645821373747411
2456,0.9789163867559741
2457,0.9736027290775227
2458,0.9760743911247233
2459,0.9809858573941028
2460,0.9855967655274794
2461,0.9864287867324364
2462,0.9935541839959562
2463,0.9981621655473094
2464,0.9864819409045726
2465,0.9948019799338613
2466,1.0032273444042064
2467,0.9959893548067004
2468,0.9963796641736592
2469,1.0028652490641718
2470,1.0008646793044624
2471,1.0109965063296587
2472,1.0332457280121448
2473,1.025555003112484
2474,1.012302540736633
2475,1.0150757174088927
2476,1.0217741936578588
2477,1.0194199004139375
2478,1.0329977967391055
2479,1.020087273571911
2480,1.0264753163205953
2481,1.0205403481166186
2482,1.0366239235863564
2483,1.0551607579117217
2484,1.0474787502892569
2485,1.0419091079792169
2486,1.0496988380788137
2487,1.0456463620551306
2488,1.0448549936640457
2489,1.0447388996756102
2490,1.0262446227224589
2491,1.0259055776556778
2492,1.0191826629669138
2493,1.0143708469176047
2494,1.0278978328122474
2495,1.0158035472875038
2496,1.0233621890554707
2497,1.0205408229328186
2498,1.0177343154122274
2499,1.0250618793065218
2500,1.0280761582111977
2501,1.0332451175783852
2502,1.0421297525637223
2503,1.0386648194868018
2504,1.0325728624722033
2505,1.0220606390180251
2506,1.01408615818188
2507,1.0418406862835812
2508,1.0532697338897858
2509,1.0400805054534916
2510,1.0272663530864248
2511,1.0316031597607163
2512,1.0365235073008932
2513,1.0414201029343058
2514,1.0386822661548574
2515,1.0371898327107982
2516,1.0399928455973169
2517,1.0404870546823013
2518,1.0191953114556218
2519,1.016871565307209
