,Asset B
0,2.0
1,2.0
2,2.0
3,2.0079812427870265
4,2.008356887709858
5,2.0049407423087446
6,2.0019835669234927
7,2.0262005376004915
8,2.0450270908393176
9,2.0428488252730106
10,2.0557419874368246
11,2.067344524494988
12,2.040417031016612
13,2.0191255547044027
14,2.0201662796918916
15,2.038333527174612
16,2.036128493797743
17,2.0272606368746398
18,2.030139326043171
19,2.0212614860310816
20,2.0123895480340352
21,2.0102498733175596
22,1.9913337516481409
23,1.9969971224661989
24,1.9792004486442196
25,1.9493199881545513
26,1.94474752738296
27,1.951604940035104
28,1.9505435986453132
29,1.9476481449783172
30,1.9435677840830217
31,1.9350357589321452
32,1.9487039010263454
33,1.95725084441357
34,1.9813089164113298
35,2.0053994207005177
36,2.001278257119076
37,2.000142615407653
38,1.9972324689821777
39,1.9927700684438863
40,2.0041590290266615
41,2.028511190894829
42,2.0407783215741957
43,2.036735301883409
44,2.0399873514255282
45,2.068215944033475
46,2.0774055105061664
47,2.076262597363265
48,2.0782646650456535
49,2.0864859231743225
50,2.0761498707035373
51,2.065706267967631
52,2.078792397223356
53,2.085987098994385
54,2.0877443468364243
55,2.1063022019230693
56,2.1024109319765047
57,2.0965935369461777
58,2.1033820756326413
59,2.1089103475069875
60,2.0872740861956327
61,2.0756751045422988
62,2.070919783370991
63,2.0716878677979262
64,2.0738132643583556
65,2.072486136279276
66,2.042182538599012
67,2.0332577144756825
68,2.0314221084299144
69,2.0637618541946794
70,2.0688081428131295
71,2.0748625626120933
72,2.1013033354814277
73,2.122245387409552
74,2.1519895509595663
75,2.1442826056660964
76,2.1307181817838887
77,2.123838066532308
78,2.095970719451137
79,2.086136126069096
80,2.0674888844893937
81,2.0808891452826175
82,2.0707659550916313
83,2.0590862877417404
84,2.0712328617852758
85,2.0536266351727517
86,2.0208520824768255
87,2.0165154715954774
88,2.0159447424744763
89,2.0216898962626324
90,2.0309246574144564
91,2.0384167390741337
92,2.031262741758204
93,2.034779876879683
94,2.042107621528619
95,2.031783898233105
96,2.0589321250882633
97,2.076163039326947
98,2.0640765056048784
99,2.078434338412486
100,2.101518349219548
101,2.1126856644392253
102,2.1152016561442237
103,2.1088617571363084
104,2.1081377428463157
105,2.113955105658116
106,2.114795825409293
107,2.1379529786967826
108,2.156075661961498
109,2.14834037837918
110,2.1339449825090795
111,2.1410078569000923
112,2.1382191845807936
113,2.1459066847229575
114,2.157237031860043
115,2.1590901841296977
116,2.1480066124395383
117,2.123249739144976
118,2.119723697318216
119,2.0969893588824267
120,2.0714569665977973
121,2.118542889009613
122,2.129089385712502
123,2.14436204027387
124,2.1751155736689327
125,2.19472070624308
126,2.211906875260331
127,2.2314834014419693
128,2.302110933782994
129,2.3419192730220058
130,2.368194258148043
131,2.3781901371902503
132,2.385579756413809
133,2.429662815421024
134,2.4156389764034265
135,2.4056362504120323
136,2.428760134512948
137,2.4217862875354337
138,2.428554976945729
139,2.4360867797666184
140,2.426848540459635
141,2.393696538769388
142,2.388352408436144
143,2.372579223164729
144,2.359568668294236
145,2.3627082080408446
146,2.374288525807587
147,2.36783955472886
148,2.3564025332178256
149,2.3355891646713425
150,2.3426690570134565
151,2.376085169266245
152,2.398365858895871
153,2.4265767496140715
154,2.4307372229122644
155,2.4435897319976503
156,2.4654457326831123
157,2.4219481951208186
158,2.395495576869018
159,2.4177977832820012
160,2.3934250581751018
161,2.403679367949908
162,2.3887621289368255
163,2.3641138340349452
164,2.366206383349975
165,2.3651087100117723
166,2.3539403604144513
167,2.376144512644414
168,2.3632511920254613
169,2.354917865518384
170,2.3662825532922835
171,2.3716972316264076
172,2.362007104323456
173,2.352250111355721
174,2.3639446546604588
175,2.3798410887182406
176,2.387656863061763
177,2.3794437899165626
178,2.371495862791297
179,2.370504200516664
180,2.370570549972375
181,2.3777755734327095
182,2.3767132432028
183,2.3895656298236356
184,2.407832653196471
185,2.4338183830448537
186,2.444674088896178
187,2.45684807567594
188,2.463806587381613
189,2.4553382476663272
190,2.488343275515827
191,2.518033748286738
192,2.537873467872216
193,2.5503922509329415
194,2.546114282410994
195,2.5643142582703247
196,2.5701208017281
197,2.5776689603657825
198,2.574854306057562
199,2.579187809488464
200,2.574172617815469
201,2.5648457035710654
202,2.6244452200749846
203,2.633962711257744
204,2.623796872944413
205,2.629464278234424
206,2.6467335976960777
207,2.6475211609393257
208,2.648758086641986
209,2.6481958121397198
210,2.653425712204273
211,2.642373134704706
212,2.637390825371617
213,2.6434272077160292
214,2.6467154619445363
215,2.647062518177093
216,2.6489186406368534
217,2.6581345942838
218,2.6950369581517117
219,2.6945530337451884
220,2.7308959319633375
221,2.7366085028836564
222,2.704936005763623
223,2.694581703109076
224,2.698158807375605
225,2.7226030828286
226,2.7138755339339884
227,2.719878419045207
228,2.7059351511470333
229,2.7290081556271506
230,2.732405017533356
231,2.7038148197892404
232,2.721332577288392
233,2.7256221740677145
234,2.7408435182963045
235,2.7491547837318002
236,2.753404687683875
237,2.750794792926141
238,2.7616417721797983
239,2.767799055031928
240,2.7773846412118544
241,2.7584284158220407
242,2.7742532535452935
243,2.805504899714718
244,2.8130695829042724
245,2.8511164148742227
246,2.896583543710557
247,2.9220590650196727
248,2.959023739022899
249,2.9960339160412044
250,2.9846932601028144
251,2.9845999694387593
252,3.0034329761591745
253,3.0326217611637047
254,3.019783913676256
255,2.993032139015166
256,2.9901282997456278
257,2.9542891559668956
258,2.9369422793610793
259,2.937089558387995
260,2.9153229281602515
261,2.9044951909307644
262,2.9164771333850754
263,2.907526347680914
264,2.890347721257108
265,2.886063682246383
266,2.866843509443143
267,2.888741974954087
268,2.8951687857071815
269,2.882391883577878
270,2.8864671030414737
271,2.8873647606855037
272,2.881757463618306
273,2.872694440770954
274,2.8612455106928527
275,2.832986086109206
276,2.844380630663561
277,2.8547478568688596
278,2.8572665991656203
279,2.8584453482137233
280,2.8459828008666714
281,2.8309951106618247
282,2.8044948929923255
283,2.7840284825701795
284,2.7580169715104508
285,2.771642188108701
286,2.7856797222507845
287,2.786065846758013
288,2.775501506369136
289,2.758963349735418
290,2.7512403053823475
291,2.761555179518455
292,2.7735000842145228
293,2.771941759414813
294,2.7634493096377057
295,2.755777782095682
296,2.7540875328458516
297,2.7389544639889505
298,2.7292758899567704
299,2.711900213837302
300,2.694736332721933
301,2.6997064773473256
302,2.6994454524395444
303,2.707926333824164
304,2.701188013996135
305,2.7082591276030077
306,2.686603983960946
307,2.679675773791641
308,2.6892271495438482
309,2.6617537822527555
310,2.642019406399721
311,2.6389145578623756
312,2.648494782140338
313,2.638495511434866
314,2.643377122212145
315,2.6696189522935514
316,2.6847384091038635
317,2.687211634197281
318,2.699205696001915
319,2.69647466344733
320,2.6976723898329587
321,2.6981375642585332
322,2.703206382411426
323,2.698638850774603
324,2.703732393665792
325,2.699803067929195
326,2.7115884186003263
327,2.7111670745167826
328,2.6783160918920608
329,2.655100730262029
330,2.6485006453227102
331,2.6665105595274974
332,2.680491101763446
333,2.6487018696125446
334,2.619640268334259
335,2.631889059648063
336,2.6393299584604484
337,2.671668689230814
338,2.676744542703591
339,2.6665304178647724
340,2.6712197190232585
341,2.6662780125096934
342,2.679251124007318
343,2.6762076445378993
344,2.670214858815734
345,2.655756295889164
346,2.662890211424554
347,2.6494678203169606
348,2.649219108279789
349,2.6802867637777554
350,2.659069101468192
351,2.6763732738512216
352,2.692345878253874
353,2.675328070828163
354,2.675565099314652
355,2.6904192088802574
356,2.6791818078827085
357,2.683441652153865
358,2.7129394884963594
359,2.711649199202646
360,2.6903986544068266
361,2.690959373274755
362,2.7082601579288728
363,2.70687062401977
364,2.7000018928360094
365,2.685621014869371
366,2.6551260319443077
367,2.6244475463357193
368,2.5921309816523594
369,2.5724075663079065
370,2.5368412983193824
371,2.47739486269634
372,2.454919915323829
373,2.4703412291749016
374,2.48097879793533
375,2.475599210405033
376,2.425923871356178
377,2.4156585559394306
378,2.4147813157260263
379,2.4024683432186213
380,2.396364303020259
381,2.385958237358394
382,2.3765170395832573
383,2.396308265592242
384,2.4199471476340846
385,2.3926564759113975
386,2.366420024090604
387,2.35118613367717
388,2.356052111982837
389,2.3724484557433443
390,2.3858445776713557
391,2.373214445998445
392,2.364602987656275
393,2.3725644296203994
394,2.368800796764386
395,2.3602052725229457
396,2.3536929510254865
397,2.369402986420962
398,2.381896089200427
399,2.379625387693205
400,2.3873810268073075
401,2.372661882440613
402,2.3597186151970457
403,2.374065835473245
404,2.35107029762309
405,2.351285472640506
406,2.321590893047485
407,2.334958818309273
408,2.330589292071756
409,2.329784051403961
410,2.334173710790945
411,2.3371424637709044
412,2.342878193913838
413,2.318702954355866
414,2.305694574145459
415,2.294597520306331
416,2.2743349390943415
417,2.268897491707158
418,2.2497976539111644
419,2.2563815943264593
420,2.2648707278984137
421,2.267788319886391
422,2.2856150440528187
423,2.2638285740624706
424,2.2378834385422333
425,2.241976336164431
426,2.2275762508668238
427,2.208595428159574
428,2.1817256610233677
429,2.1555748848239906
430,2.160685516181265
431,2.164772509004622
432,2.1638380771073757
433,2.155673160316798
434,2.1561212879736256
435,2.1743269236796685
436,2.1672403734022954
437,2.1648117470770094
438,2.1957705051898784
439,2.2149455980313983
440,2.2115131116718576
441,2.226626433990354
442,2.210425464464626
443,2.2038651901685604
444,2.214853169263098
445,2.2210556525948233
446,2.2313788945373223
447,2.2499652325841595
448,2.2641717673508657
449,2.277422957319341
450,2.288545085712528
451,2.277856721109697
452,2.294044778348279
453,2.300661416237128
454,2.3114000920060245
455,2.332794617353924
456,2.3325680921218823
457,2.327963927463698
458,2.3261513100147204
459,2.3454972499852866
460,2.336450188472983
461,2.3563200364180505
462,2.3694043557261493
463,2.375884615750109
464,2.3959717616233984
465,2.406069350432551
466,2.4273331479247875
467,2.4297419191543486
468,2.4548379343819713
469,2.459762223368872
470,2.484768648551817
471,2.490831188940578
472,2.4893558485470635
473,2.4782595309688062
474,2.4642101988454637
475,2.459312825655883
476,2.459471615673511
477,2.472369737105002
478,2.472048421524532
479,2.473581792437864
480,2.479401534038495
481,2.4889973019981357
482,2.4822979760164054
483,2.4732484406896273
484,2.4625735601057825
485,2.4769152111671517
486,2.5019373687247226
487,2.498479360778164
488,2.491772323268733
489,2.5048911128923455
490,2.532664794511337
491,2.56809663658307
492,2.57185816251867
493,2.5725943611241258
494,2.5845622760187106
495,2.5943308851817615
496,2.594780780910905
497,2.5848960628782662
498,2.583521398674622
499,2.611619338600132
500,2.6100788953856613
501,2.61302488870628
502,2.6594824499577667
503,2.6649099625159702
504,2.678024926669872
505,2.7204925650406575
506,2.743779028464471
507,2.771007130671062
508,2.8007491989671647
509,2.8224766573761024
510,2.856366203609768
511,2.882856431747764
512,2.8926758596481275
513,2.9048688508060336
514,2.9197895828105978
515,2.920193914112629
516,2.9259220693325787
517,2.9315146993520487
518,2.9435975051253918
519,2.9825947677050677
520,2.999498626499546
521,3.031987629517225
522,3.0592659832613256
523,3.073927808756036
524,3.077952218589332
525,3.087830572525295
526,3.09597924949772
527,3.0883615982622836
528,3.0794085121101857
529,3.0844515804665877
530,3.1092543869140195
531,3.1140278724941983
532,3.0938231865490597
533,3.058253133270257
534,3.03261263941361
535,3.0321938496974092
536,3.004950033229892
537,3.0055474311064727
538,3.0160413287506507
539,3.012337591863772
540,2.987479917311301
541,2.97138359675798
542,2.962173572561734
543,2.960142111901662
544,2.936762246463606
545,2.950802167473667
546,2.9601639986755073
547,2.965648492181042
548,2.9803824866444604
549,3.007765966199267
550,3.02033155643977
551,3.0383725222132725
552,3.0387680605152094
553,3.069920716114544
554,3.0850508910107712
555,3.079102225848359
556,3.076680158986546
557,3.0493808346242566
558,3.033036879458746
559,2.9896354983484903
560,2.9836891385873123
561,2.9854954965815805
562,2.9622874150686096
563,3.073644379680454
564,3.1072155056219914
565,3.1093240986141115
566,3.1328102117581373
567,3.1428363231682077
568,3.135684362977755
569,3.122620695241678
570,3.1164386338589583
571,3.104317129986982
572,3.1072440066539637
573,3.1290821642088207
574,3.1479296526383087
575,3.1552670947152075
576,3.151806392413988
577,3.168794377636967
578,3.1855200074151813
579,3.2107512924539217
580,3.224988906437803
581,3.2601029069151086
582,3.278958896098708
583,3.2773630765407584
584,3.276445375333191
585,3.288333877954115
586,3.2827050691686144
587,3.3081978641121728
588,3.2688622241643315
589,3.264981034148132
590,3.265020666818541
591,3.231046429615712
592,3.212627179085846
593,3.232056022182632
594,3.2347833417180816
595,3.2485666658871257
596,3.2737337882806354
597,3.281381667673624
598,3.296864546191201
599,3.2818757214309713
600,3.3023207048386056
601,3.3334439016137636
602,3.3477220699783703
603,3.3603584732666327
604,3.3701303249762264
605,3.3945449903935474
606,3.416708513188964
607,3.3806103409261223
608,3.369114644180531
609,3.352624226471889
610,3.3202268801285557
611,3.326648570574606
612,3.324696794664199
613,3.325303209650527
614,3.328138033459789
615,3.308551627250451
616,3.2784418578343693
617,3.2633924418800544
618,3.249628311000414
619,3.234135556172155
620,3.2215713007484332
621,3.2479136346532664
622,3.269101953299181
623,3.2768649037440984
624,3.2834933719722192
625,3.2892921112032907
626,3.304281049915752
627,3.308990988681184
628,3.326153252760454
629,3.3399151304769803
630,3.3780332219011817
631,3.390861502292892
632,3.4150733310426937
633,3.413742249122656
634,3.4062438730125124
635,3.439138616587635
636,3.4626018322395655
637,3.476106107853837
638,3.524745307124238
639,3.5432810294337984
640,3.5691117283519387
641,3.6054414782021538
642,3.6459304064571456
643,3.6453487118610486
644,3.6515887995955882
645,3.6668948630238285
646,3.6969426370167615
647,3.714506210806252
648,3.7417276252252454
649,3.7367293286369994
650,3.734215099879894
651,3.7607291901581466
652,3.765116863046945
653,3.7663343962587734
654,3.7972722988505514
655,3.794251546878061
656,3.783684856410805
657,3.7660244542598327
658,3.7861402214901942
659,3.8061234680582943
660,3.824206444878486
661,3.82869760808415
662,3.8123166271386815
663,3.785265063782659
664,3.8000068053402707
665,3.8101925956682607
666,3.81994875210795
667,3.8304110261924134
668,3.8238717704546383
669,3.8195997382001914
670,3.8050004669646507
671,3.7820916664926605
672,3.7889854772273743
673,3.7635594366506977
674,3.736035872461322
675,3.725778655920223
676,3.7194345212366438
677,3.6911763713537735
678,3.655718920031035
679,3.6509084129481897
680,3.64749867715887
681,3.6610261887631586
682,3.666207075623437
683,3.675794264400374
684,3.670479323582262
685,3.6596400407026364
686,3.638875419075357
687,3.620829543418519
688,3.6087616334826107
689,3.620797156958011
690,3.607801889496113
691,3.63543138074597
692,3.656267110675026
693,3.6665942295617584
694,3.6760669594664104
695,3.68091959066248
696,3.6758198635937336
697,3.6547708523918088
698,3.6369287206561087
699,3.656528529195806
700,3.6673180409125368
701,3.6927900345520954
702,3.6953497111731273
703,3.6824533302886424
704,3.684374309081561
705,3.673495329597861
706,3.671492871774041
707,3.646932007095263
708,3.60614829689261
709,3.5995622596882004
710,3.619173544948223
711,3.623657847771758
712,3.6326374837224225
713,3.6406093341229835
714,3.646723662241806
715,3.6282487074093077
716,3.6128758134011734
717,3.629112178712841
718,3.5974240959113017
719,3.6041063154646658
720,3.6117488161592552
721,3.6108871692621394
722,3.6072557225336253
723,3.6190051822634635
724,3.6375830662531374
725,3.630210701753413
726,3.609542666102194
727,3.5782990458559225
728,3.5756103284645664
729,3.576948374087488
730,3.6105208459179545
731,3.6215022654133913
732,3.6236656648930676
733,3.635398942389915
734,3.646340203937916
735,3.6474586352804312
736,3.6383976828022444
737,3.638470191039361
738,3.6387307492393544
739,3.636761318809398
740,3.6492223301666455
741,3.653334513810189
742,3.6336735342162143
743,3.620827257839792
744,3.6150100205642732
745,3.6103835360802923
746,3.614926942400096
747,3.6163006235920085
748,3.5848354870573793
749,3.557412456020516
750,3.5590670025347406
751,3.550067660081283
752,3.537336259871768
753,3.5275349218565846
754,3.5132931981839137
755,3.5018696813799917
756,3.4991698913997795
757,3.495718310138331
758,3.5075109345743347
759,3.487282549146255
760,3.45915613130285
761,3.4496957386342144
762,3.451497910353407
763,3.4585275784632152
764,3.4498239451130353
765,3.4069269390065844
766,3.387019959496259
767,3.385636202232892
768,3.3765592965298836
769,3.3791365426742064
770,3.3986359251004132
771,3.400332482741174
772,3.3945345901515824
773,3.3829194960384967
774,3.3583275973035867
775,3.324537975848237
776,3.301699895536394
777,3.3064657813192344
778,3.3119726818675828
779,3.301531983701158
780,3.3334860924809195
781,3.3347933219804653
782,3.353756579707523
783,3.390586598797359
784,3.409299660941487
785,3.4081919474314253
786,3.4096310937042458
787,3.416872621610373
788,3.397767022518139
789,3.377180419369011
790,3.356124175920189
791,3.354596399675739
792,3.3688525615797276
793,3.3803993420025464
794,3.399402827649968
795,3.3961954335159255
796,3.3926195717173955
797,3.3915559917628113
798,3.3979337266719485
799,3.4333861870418088
800,3.4338334797865193
801,3.4500140532941166
802,3.4861885627166087
803,3.5052867656677473
804,3.508663606159382
805,3.503853980364266
806,3.4899352651907996
807,3.4556265433936617
808,3.4410463148025614
809,3.4296878336403323
810,3.4331284587812285
811,3.422220724230996
812,3.4142035181888906
813,3.417095427482722
814,3.4236723122219166
815,3.4357739038910884
816,3.378150717596492
817,3.368632362400196
818,3.358097997454582
819,3.3630729062261526
820,3.363155433822558
821,3.3650235554631993
822,3.4077103616679443
823,3.4325556545747413
824,3.4465442772701085
825,3.4572564786858395
826,3.4463170429470966
827,3.442699860036328
828,3.4305214374691912
829,3.4511372777084866
830,3.4629728157227384
831,3.483091697323828
832,3.483806081924031
833,3.474185248512758
834,3.48569096215749
835,3.475467595276231
836,3.4637458280239435
837,3.4898862949833265
838,3.489548813508151
839,3.464924785074605
840,3.435194267816385
841,3.402339517963877
842,3.4076008481168825
843,3.3947009249828666
844,3.4247065801000645
845,3.45920522180558
846,3.4987265532358545
847,3.532870282717808
848,3.5595032823996684
849,3.5626707575077843
850,3.5705553333862974
851,3.5893731076861295
852,3.610855308061446
853,3.6010556999933137
854,3.598988252780324
855,3.6015210904396966
856,3.5985624072473508
857,3.5812906166174217
858,3.605973590441749
859,3.60937868681486
860,3.5919948400306807
861,3.6215544555008132
862,3.6555658906955513
863,3.6646700318920353
864,3.6456216253014984
865,3.639528735487361
866,3.614566214256743
867,3.611514948128893
868,3.6011504708141744
869,3.592774034507892
870,3.6177199197481276
871,3.6138055715145496
872,3.618497210552687
873,3.6371172398335068
874,3.66140149118739
875,3.6682065461125597
876,3.670923238536194
877,3.6731871194000716
878,3.6811714877273967
879,3.707776502216288
880,3.7120997175199437
881,3.67697409041766
882,3.6858385416914765
883,3.6905762549235996
884,3.6932564525700236
885,3.671384348054491
886,3.6575971929888484
887,3.6666643091181332
888,3.6454155515113253
889,3.6437878051459758
890,3.6447103340345484
891,3.6293273414134264
892,3.6117853480393927
893,3.5908682960269003
894,3.58264667838862
895,3.5796092178917793
896,3.5688931543415072
897,3.547308139546759
898,3.4943769275023095
899,3.4833882520174613
900,3.49016901223203
901,3.491526491128418
902,3.522297237814447
903,3.5301629958145058
904,3.5546052175365377
905,3.558077783943015
906,3.5482653445559187
907,3.552300663132045
908,3.579950782868446
909,3.5036869251161016
910,3.495681233394717
911,3.4977424593530846
912,3.4879717018142897
913,3.471758470197843
914,3.469249317356081
915,3.4440504010663777
916,3.4629084769639666
917,3.485231957572891
918,3.4881165725012435
919,3.506342225347735
920,3.506298390264404
921,3.5232412511186895
922,3.526855754187331
923,3.521733202471227
924,3.5087019725208584
925,3.5123452925412995
926,3.5129539289536864
927,3.5329293872960754
928,3.523078293545175
929,3.5271486256228712
930,3.551223119708312
931,3.5974157733958037
932,3.6153076310807766
933,3.620086971039303
934,3.633571044928021
935,3.662103579548041
936,3.6925205506811336
937,3.7026417824332367
938,3.731969133220219
939,3.746649324711848
940,3.7664748797234378
941,3.787056990917278
942,3.790156781801219
943,3.7806839652573525
944,3.801285717645545
945,3.8322034075244105
946,3.8461010326226956
947,3.854168355804438
948,3.8443626895050214
949,3.863063437050408
950,3.8749072207373882
951,3.872580582661265
952,3.8895031135673936
953,3.875910172213459
954,3.855771954769985
955,3.842600245851104
956,3.844182162962201
957,3.843615971997768
958,3.850966426640583
959,3.8711228064461856
960,3.8878072525426663
961,3.924361735554838
962,3.9569529683177467
963,3.968330132391564
964,3.970782281887746
965,3.9767691382672505
966,3.9921721740791956
967,3.9905839791909483
968,4.00309879357837
969,4.019783702165799
970,4.009898491087662
971,4.026697231560332
972,4.041016797072213
973,4.072443026531131
974,4.085083543576012
975,4.087123709165332
976,4.077585796547986
977,4.060594940974972
978,4.071030385421202
979,4.099351794802435
980,4.1029638560842345
981,4.103634601281833
982,4.110762054747515
983,4.132079296550066
984,4.12416290917834
985,4.127126172441234
986,4.147795249031867
987,4.160462916104662
988,4.122442691994269
989,4.126004703067694
990,4.137816254176777
991,4.155547493517702
992,4.187128993615265
993,4.2198324402126275
994,4.234536420367693
995,4.220194054431101
996,4.256779898301337
997,4.268085236468577
998,4.269453768876206
999,4.304034772248778
1000,4.305136058400719
1001,4.285110480352647
1002,4.279416863227663
1003,4.2671831600310135
1004,4.237519245327785
1005,4.226331287902102
1006,4.221985194267669
1007,4.191953034879628
1008,4.175994940492775
1009,4.1586516736310815
1010,4.118069801258234
1011,4.104673841302209
1012,4.100702661403426
1013,4.079711259276712
1014,4.087838896435164
1015,4.089977308680808
1016,4.075422924157411
1017,4.049002105445379
1018,4.045869121767807
1019,4.050188745973241
1020,4.038751703158244
1021,4.037164496379317
1022,4.063101077684338
1023,4.082877265313036
1024,4.0547635031472335
1025,4.040349820695548
1026,4.038072580711352
1027,4.033135689835092
1028,4.031586677666042
1029,4.037785167207046
1030,4.037263448908501
1031,4.037252714802306
1032,4.053658413701662
1033,4.06315629044502
1034,4.048150242088153
1035,4.048797952185688
1036,4.049026295190145
1037,4.016615981796987
1038,4.009698661497212
1039,3.991643501955869
1040,3.9951711374028185
1041,4.001732372963068
1042,3.981450428711636
1043,3.990705420302774
1044,4.0168821622726645
1045,4.016899663708817
1046,4.0167994787545185
1047,4.034932531890785
1048,4.061076106299466
1049,4.042876083950776
1050,4.0240203117043585
1051,4.017281308160424
1052,4.006927248790776
1053,4.012487105947881
1054,4.033601415657726
1055,4.0600035808568435
1056,4.04268327245813
1057,4.029177511414335
1058,3.9815025658058705
1059,3.9511446936125854
1060,3.946173243621013
1061,3.943908717906827
1062,3.9374176571553363
1063,3.933243193285739
1064,3.925869553144211
1065,3.918442324216733
1066,3.9407143193952803
1067,3.957055920254784
1068,3.955374522072293
1069,3.9577933818823468
1070,3.9689969689860436
1071,3.953377944145378
1072,3.9515858809590307
1073,3.963496069928805
1074,3.9719916108949995
1075,3.961934162763184
1076,3.9516802656391565
1077,3.919290892780753
1078,3.919499800864418
1079,3.9503341558255096
1080,3.938786371540396
1081,3.952861032540603
1082,3.994250105470924
1083,3.9971880497524546
1084,3.9993745656498203
1085,4.012463089223755
1086,4.024501440444152
1087,4.033560319141136
1088,4.032886532440815
1089,4.045039633991312
1090,4.044835254692859
1091,4.0507366867075225
1092,4.054635620782701
1093,4.028000518534541
1094,4.041222400046605
1095,4.036746697845026
1096,4.051881062292364
1097,4.075855809558811
1098,4.085827505896075
1099,4.100211524679439
1100,4.119641600298174
1101,4.124515904408481
1102,4.126631399267956
1103,4.140658432747358
1104,4.09969336540767
1105,4.087691039116774
1106,4.080935887568446
1107,4.058703379610591
1108,4.056202363090046
1109,4.044389889419699
1110,4.050139796482243
1111,4.066533604017605
1112,4.077328317553532
1113,4.093294628475434
1114,4.109651057345649
1115,4.129480924055723
1116,4.150660848285539
1117,4.16597963051032
1118,4.191553250797914
1119,4.201051988593377
1120,4.1953929825528915
1121,4.186489294213547
1122,4.181026727210519
1123,4.148593258157004
1124,4.140600270086119
1125,4.147650733825173
1126,4.1582032510856335
1127,4.134612450601367
1128,4.11709224715505
1129,4.127168420628025
1130,4.122579367965266
1131,4.12786423500793
1132,4.112107174718511
1133,4.128049334971265
1134,4.113435702763654
1135,4.05850608450556
1136,4.048269719416405
1137,4.045736639040437
1138,4.026406979275813
1139,4.026221468206432
1140,4.0337783357329595
1141,4.038518164789854
1142,4.032046317761301
1143,4.020834163879909
1144,4.012131621142545
1145,3.9954333225603915
1146,4.005994705926634
1147,4.002417486142376
1148,4.000607414192761
1149,4.015329475722601
1150,4.005533363091284
1151,3.9811957703069876
1152,3.964095536386051
1153,3.9612999261067707
1154,3.9588012091594385
1155,3.9609395208344482
1156,3.9595550326293996
1157,3.920390912854073
1158,3.907113371383046
1159,3.918215522772289
1160,3.9333393034276436
1161,3.9367758853073584
1162,3.9432934506147683
1163,3.958129690585023
1164,3.982386006896544
1165,3.9911334595806713
1166,4.006351789873215
1167,4.007257141957419
1168,3.99021255458005
1169,3.981163583081634
1170,4.001662905800566
1171,4.014361356770374
1172,3.9985848921200526
1173,4.008669624642409
1174,3.9975132999923435
1175,3.9970977326662855
1176,3.984942762449591
1177,3.9604922599766947
1178,3.9791023933076737
1179,3.977237914880377
1180,3.98144651016279
1181,3.9872342620126235
1182,3.9729734531416403
1183,3.9660955494234145
1184,3.9496889281132703
1185,3.980068631621588
1186,4.000322048180675
1187,4.003629283600827
1188,4.01947244125562
1189,4.0397009987680805
1190,4.05790010532041
1191,4.077283767411654
1192,4.096623504249373
1193,4.107828062643275
1194,4.139619667123448
1195,4.155778565349212
1196,4.163827282630062
1197,4.175488823486761
1198,4.186219697292921
1199,4.165995565192866
1200,4.1493717621695545
1201,4.145063416557297
1202,4.1140070252347325
1203,4.101853008664606
1204,4.101137062490377
1205,4.075024000891773
1206,4.055211229474694
1207,4.069466931538628
1208,4.077462568658023
1209,4.083903690694669
1210,4.106801557481208
1211,4.102658969603521
1212,4.08305815810991
1213,4.097465275271466
1214,4.099921506810394
1215,4.083744679686164
1216,4.114838926880675
1217,4.099498896135038
1218,4.09472964229297
1219,4.096683612249835
1220,4.088731290960577
1221,4.05071692306058
1222,4.064011447707562
1223,4.044142853722804
1224,4.026538752643784
1225,4.017315193195274
1226,4.020001979491114
1227,3.992277832470169
1228,3.9895531419735355
1229,3.9924194135619215
1230,3.9774679564191286
1231,3.979303404396116
1232,3.9808875724156296
1233,4.00694707332002
1234,4.012284291218978
1235,3.9992985632208455
1236,4.008213174738735
1237,4.007183531368957
1238,4.004425063601472
1239,3.985847104891179
1240,3.989746740294195
1241,3.9831211994924143
1242,3.981763864208346
1243,4.015362830841972
1244,4.020385853713676
1245,4.0244387369464345
1246,4.022306461309403
1247,4.043638695944824
1248,4.02161243192962
1249,4.030603676957583
1250,4.006700008750331
1251,4.0093394724180005
1252,4.01231307037275
1253,3.993560012529164
1254,3.982210498672061
1255,3.9903675940104493
1256,4.02034885470033
1257,4.002597570443377
1258,3.9849078160938003
1259,3.9648054017319074
1260,3.9524047845292065
1261,3.9598200036093956
1262,3.935328947664215
1263,3.9254698545654394
1264,3.938121064152935
1265,3.9305505705984163
1266,3.8854538208242273
1267,3.8777469067790373
1268,3.8935412042169006
1269,3.8725513636691042
1270,3.8368616372340503
1271,3.8345063520302496
1272,3.8352359184715414
1273,3.8208024446310556
1274,3.805518673594863
1275,3.8017760357509047
1276,3.780802765691946
1277,3.7545126221832805
1278,3.756734905256836
1279,3.7352738608218874
1280,3.6965573476666034
1281,3.674874940212221
1282,3.6569230595698548
1283,3.6512296979888235
1284,3.6359340371051068
1285,3.6503139126702937
1286,3.65499156763207
1287,3.640765473455447
1288,3.6461215031019854
1289,3.67089567621176
1290,3.685885065569941
1291,3.667940528709383
1292,3.661623753287978
1293,3.666825611571203
1294,3.6745109818973285
1295,3.6728268925091268
1296,3.6684707270870063
1297,3.6971316031042245
1298,3.716039099398473
1299,3.7276382104072465
1300,3.728216422896622
1301,3.71500431544043
1302,3.720440729356486
1303,3.734613123065308
1304,3.736293020832627
1305,3.7485746942479032
1306,3.766206095256163
1307,3.785362326596587
1308,3.7698199962255514
1309,3.7632196260691324
1310,3.773114235429673
1311,3.7739167442159034
1312,3.7840016661277907
1313,3.795794495443748
1314,3.7657396127412914
1315,3.776177393576188
1316,3.7742850427353583
1317,3.754277649977111
1318,3.7672141475094914
1319,3.7805922871170745
1320,3.79984930434615
1321,3.8124867483201283
1322,3.813296771287171
1323,3.819808067885771
1324,3.8082365983346786
1325,3.783783337565486
1326,3.767998381855633
1327,3.7852612724586154
1328,3.777270137743563
1329,3.744986175900818
1330,3.736457130099532
1331,3.723824206280044
1332,3.731333644199117
1333,3.7548511152433433
1334,3.7530270377126254
1335,3.7582394648836703
1336,3.770079567630766
1337,3.7726593105898987
1338,3.7710059788820054
1339,3.758481426189827
1340,3.726324013198278
1341,3.7018664330167574
1342,3.690868954070897
1343,3.658467191634488
1344,3.647278030648004
1345,3.6429725873801204
1346,3.6267499299847175
1347,3.6155258648685864
1348,3.5909898061160663
1349,3.593610244505892
1350,3.60508858778834
1351,3.585700162147583
1352,3.5628880332869923
1353,3.5440494821844877
1354,3.543363896873815
1355,3.544118301654285
1356,3.5572293465706726
1357,3.5796035841890523
1358,3.562512789909226
1359,3.5682652419277345
1360,3.5923314562631767
1361,3.591030670010253
1362,3.591578743184582
1363,3.5939693166958175
1364,3.5925145628932422
1365,3.6053555017058425
1366,3.6373979848080347
1367,3.668634365921853
1368,3.6728110900902333
1369,3.684780867723552
1370,3.6824346583635377
1371,3.6718498711758585
1372,3.6701691620801085
1373,3.6580822773428885
1374,3.643363004739095
1375,3.642540077792574
1376,3.6479038537276627
1377,3.6541611992122927
1378,3.6636272547629076
1379,3.648207205723079
1380,3.63297076401174
1381,3.631049237516444
1382,3.644445315850884
1383,3.682803073738087
1384,3.698869519104677
1385,3.7178909398733233
1386,3.7103465880209425
1387,3.7223677442886274
1388,3.7613162727906833
1389,3.7595769847470297
1390,3.752963448360278
1391,3.77246506008287
1392,3.778526246190933
1393,3.748948614370056
1394,3.7363684228396603
1395,3.7567003998196484
1396,3.7526499435018676
1397,3.7446716899319137
1398,3.7589505267978423
1399,3.7679381212672878
1400,3.763979862450635
1401,3.7561650600577585
1402,3.802220740072359
1403,3.835006383380411
1404,3.851026523222917
1405,3.8738210417847134
1406,3.8853995372873946
1407,3.8973994612137393
1408,3.9020980682515627
1409,3.8925736886120985
1410,3.898062381915573
1411,3.8958698130309557
1412,3.9000817629588123
1413,3.9121588152840983
1414,3.922961151459837
1415,3.912613840973562
1416,3.905510878961642
1417,3.9010519584217245
1418,3.913171219157921
1419,3.9300094330471125
1420,3.9231530109371904
1421,3.9038590772208943
1422,3.939814462455257
1423,3.9562070001050875
1424,3.9357292684538048
1425,3.928041401628365
1426,3.9452575542276547
1427,3.9793754660049863
1428,4.017696928270495
1429,4.038931174179857
1430,4.010774635251747
1431,4.010203855417318
1432,3.9984708404203237
1433,3.9908278042444785
1434,3.974479088379707
1435,3.960959616670948
1436,3.9690532324115195
1437,3.964675377449422
1438,3.9560973931803938
1439,3.9545108028055793
1440,3.9945915965060026
1441,3.9875471333002053
1442,3.98969481436933
1443,4.026209676944384
1444,4.035077401583484
1445,4.057595384007513
1446,4.051036290963653
1447,4.047804193568532
1448,4.0388974678943805
1449,4.034071943726776
1450,4.031462192291621
1451,4.029970424067658
1452,4.042078049395573
1453,4.009961935906082
1454,3.990632846823776
1455,3.9907417807153918
1456,3.9549570410681603
1457,3.9502740694367757
1458,3.939217179209468
1459,3.925995893138758
1460,3.9353791078316998
1461,3.956218819066581
1462,3.970245712302907
1463,3.9585722881681122
1464,3.968827058578866
1465,3.985392971866798
1466,3.9953882806494425
1467,4.023523604057837
1468,4.036756259198732
1469,4.065096491302839
1470,4.101485355407619
1471,4.126198219268322
1472,4.144109480823857
1473,4.164213837147254
1474,4.20211825919264
1475,4.234105786727806
1476,4.231620923367339
1477,4.244881840915726
1478,4.242067372215369
1479,4.230615354378055
1480,4.2241557086023835
1481,4.199678051384883
1482,4.175907264717146
1483,4.191569302535031
1484,4.18117119215921
1485,4.1869138392517025
1486,4.194633986331229
1487,4.203742026280455
1488,4.217187158208217
1489,4.207988380125934
1490,4.220566573154431
1491,4.2077773698931775
1492,4.1912864587420575
1493,4.198179611023883
1494,4.181965202895416
1495,4.143052978999241
1496,4.138423143106537
1497,4.109306713586711
1498,4.10364356349428
1499,4.096420611945094
1500,4.093865838709698
1501,4.0971044952020454
1502,4.108708533440752
1503,4.116616156364379
1504,4.111860964504359
1505,4.112294913158925
1506,4.11204722723884
1507,4.128216837880531
1508,4.112647731132769
1509,4.117882873585691
1510,4.143774801182911
1511,4.154678949882829
1512,4.176337279869985
1513,4.192098135876322
1514,4.304063138171386
1515,4.334392503167484
1516,4.354674334030717
1517,4.361273613035031
1518,4.375267932030847
1519,4.406531897458781
1520,4.426040581301387
1521,4.425522050969899
1522,4.433723708439493
1523,4.423568445603151
1524,4.443910896140049
1525,4.482720536003919
1526,4.492549306915475
1527,4.488032130885508
1528,4.486954787694976
1529,4.4976206093989735
1530,4.48621987717677
1531,4.477464995078818
1532,4.482521739082461
1533,4.50639307201398
1534,4.525411083130079
1535,4.532971857041118
1536,4.548962957104072
1537,4.561523082753091
1538,4.5488352374078405
1539,4.576031977608683
1540,4.611634487102219
1541,4.618771836345564
1542,4.619398151155537
1543,4.609059759770724
1544,4.617351222345112
1545,4.630036813302492
1546,4.619266759878435
1547,4.62183974426563
1548,4.63822669178255
1549,4.633014493086615
1550,4.6290301026527825
1551,4.6280289238803025
1552,4.615087356863511
1553,4.607782807438616
1554,4.581161491214445
1555,4.566711061221418
1556,4.55727052521136
1557,4.548300136603448
1558,4.550428158377955
1559,4.530388555482384
1560,4.506330670087291
1561,4.487571340758248
1562,4.457682432707414
1563,4.4534337466418545
1564,4.439787417177138
1565,4.429379346492014
1566,4.4122044231651
1567,4.3988177754483555
1568,4.397620892020738
1569,4.399494405066818
1570,4.381725485989028
1571,4.37504483699858
1572,4.360454675337248
1573,4.350843682855813
1574,4.336773890280636
1575,4.3586537110511285
1576,4.376275874016327
1577,4.385109019061779
1578,4.3027176586648626
1579,4.273818849828967
1580,4.2662492738232745
1581,4.274495998409399
1582,4.286332901868382
1583,4.282756844830018
1584,4.30810528736785
1585,4.3139209455304846
1586,4.345096494339313
1587,4.385284023672403
1588,4.403317792351
1589,4.3912368877944425
1590,4.399222746691107
1591,4.388103097771705
1592,4.372936616820107
1593,4.361652189956732
1594,4.338801708800595
1595,4.332545199432081
1596,4.317263931607383
1597,4.304637763584481
1598,4.291391502674457
1599,4.292140441973063
1600,4.296433580555262
1601,4.290383472332406
1602,4.2972995392460085
1603,4.319746340860338
1604,4.292561503723714
1605,4.276741132270857
1606,4.261894522215882
1607,4.241645762424666
1608,4.197316961664773
1609,4.147809841434487
1610,4.085797549400432
1611,4.10919993685783
1612,4.100724458751402
1613,4.088162677926057
1614,4.055680083130686
1615,4.052403417918758
1616,4.110899224249764
1617,4.089288483645835
1618,4.109470077761324
1619,4.126665696928787
1620,4.120979870459297
1621,4.114495146399233
1622,4.121336857989803
1623,4.115856490543813
1624,4.095277246398638
1625,4.082199810463287
1626,4.082984350223249
1627,4.0900583256157494
1628,4.118836613850037
1629,4.129330157010261
1630,4.1544598074921995
1631,4.164846896237241
1632,4.169209592879268
1633,4.173872626750662
1634,4.180889099616702
1635,4.19771320919351
1636,4.196677705795874
1637,4.183924852799372
1638,4.198667118643669
1639,4.290471401841624
1640,4.306109045568681
1641,4.310292470491335
1642,4.34576159509344
1643,4.352341979704412
1644,4.36539811890872
1645,4.373567373829785
1646,4.382596375882725
1647,4.370000594026162
1648,4.369356363309064
1649,4.3240216608740685
1650,4.3270534523434305
1651,4.340235888816264
1652,4.320338378899707
1653,4.342652598138003
1654,4.3700264176323165
1655,4.356995306472188
1656,4.34937693126962
1657,4.336085693906036
1658,4.335202262065255
1659,4.324590097896377
1660,4.288791746163235
1661,4.2769533998064
1662,4.285790807016264
1663,4.283106554657436
1664,4.288651335543418
1665,4.295387699963342
1666,4.308566155293391
1667,4.318334348522706
1668,4.320838325475047
1669,4.325854416462035
1670,4.353352574228068
1671,4.371744019342757
1672,4.36343209460454
1673,4.367817082367947
1674,4.378232381771807
1675,4.377408216613678
1676,4.348151549851978
1677,4.328066549563624
1678,4.315521271709496
1679,4.335793371435173
1680,4.345671083536981
1681,4.321916324390255
1682,4.3175284153862945
1683,4.339225649897768
1684,4.331951773087641
1685,4.345403688202935
1686,4.330009988184537
1687,4.279493574720723
1688,4.28609010968475
1689,4.27785495448989
1690,4.235994191389535
1691,4.218795372525748
1692,4.215146320369866
1693,4.212912712147443
1694,4.169774123699722
1695,4.145895028798088
1696,4.13937222301805
1697,4.1359839741394
1698,4.115188797875599
1699,4.104550592188845
1700,4.091603211607312
1701,4.087249768800814
1702,4.102228525736066
1703,4.098995892479796
1704,4.075712313845582
1705,4.060709076192195
1706,4.083042991261596
1707,4.071752288008794
1708,4.046591084156771
1709,4.037436850686321
1710,4.031120465365435
1711,4.016015841952144
1712,3.9859616728803955
1713,3.9809054922803897
1714,3.9800740199666
1715,3.9848818325784787
1716,3.988658049438877
1717,4.015482680730081
1718,4.036857914373676
1719,4.052894020689321
1720,4.082135105485401
1721,4.097551667988289
1722,4.102615792669826
1723,4.1150240022882985
1724,4.09126154167362
1725,4.08756565603224
1726,4.0876096774962
1727,4.089637357885579
1728,4.106070836435834
1729,4.120358373409326
1730,4.15685417215012
1731,4.197225220014554
1732,4.229213303431505
1733,4.225902553275435
1734,4.24215656805686
1735,4.235292743570284
1736,4.228271157856153
1737,4.235700054442404
1738,4.240675025766317
1739,4.257437515028438
1740,4.290180982829478
1741,4.308893541193116
1742,4.312380103970117
1743,4.290063964547087
1744,4.308031674696626
1745,4.312872724619171
1746,4.30942885982713
1747,4.312798790112445
1748,4.3219133371236325
1749,4.331574139960791
1750,4.3310901460328495
1751,4.3313659988750635
1752,4.324046112475454
1753,4.310768017577709
1754,4.295782805699549
1755,4.288239179277111
1756,4.269358414741019
1757,4.215075111898292
1758,4.191537233373746
1759,4.161370809267754
1760,4.143345973101103
1761,4.123838146142209
1762,4.119291059595005
1763,4.096301193324568
1764,4.058072687720959
1765,4.044331769117608
1766,4.029219387078292
1767,3.9964558235042458
1768,3.9962585917657707
1769,3.977552241520115
1770,3.9536966127253512
1771,3.9620189353724555
1772,3.969053471389414
1773,3.949170270547751
1774,3.939819064364649
1775,3.919731690286426
1776,3.954223168779249
1777,3.9804255245167726
1778,3.977975529202692
1779,3.9955155760348675
1780,3.9820021797988168
1781,3.948009516952332
1782,3.9356149836804275
1783,3.9362397099553417
1784,3.9332880616023767
1785,3.950222634066608
1786,3.94058910792859
1787,3.9266057792946016
1788,3.940136370271023
1789,3.949533703329436
1790,3.975971279458505
1791,4.010756154106356
1792,3.9971404500350913
1793,3.990242702388123
1794,3.978750921047781
1795,3.984668403278755
1796,3.9896914871658855
1797,3.973501243443794
1798,3.9566497478017197
1799,3.9724372940037047
1800,3.9675127825606564
1801,3.930920384942287
1802,3.9063945646351232
1803,3.928312667578534
1804,3.943594100363907
1805,3.9236689219268657
1806,3.925142635695662
1807,3.943570547869705
1808,3.9189946476788444
1809,3.9287487576531337
1810,3.942469237615093
1811,3.9302828069044833
1812,3.938236684996872
1813,3.9482212290536833
1814,3.9547275045861934
1815,3.9607610821695
1816,3.9508512723499467
1817,3.938121891936028
1818,3.931918636588132
1819,3.928958903350356
1820,3.936163167417392
1821,3.96781382678371
1822,3.9805207387771766
1823,3.9961136485737083
1824,4.021161247385327
1825,4.042732454055938
1826,4.038051167443842
1827,4.063161249048517
1828,4.09359614245767
1829,4.104064054350446
1830,4.098814626612951
1831,4.103958458473761
1832,4.083162713780634
1833,4.099709471782418
1834,4.095975115922044
1835,4.139766181264954
1836,4.129710350569992
1837,4.142084623213859
1838,4.181114556862877
1839,4.176080767243813
1840,4.18253592169023
1841,4.177666245485295
1842,4.192693622347568
1843,4.215366618012829
1844,4.249089417525384
1845,4.2623655230310264
1846,4.3038938370474495
1847,4.307274661435572
1848,4.310253938434904
1849,4.304142287201203
1850,4.306232467015385
1851,4.2933763692393025
1852,4.30584037391569
1853,4.317639530060803
1854,4.301566827012845
1855,4.312542644906971
1856,4.343391562144528
1857,4.35863119880139
1858,4.344047274905802
1859,4.3436545652325025
1860,4.357863107510743
1861,4.355545744703016
1862,4.338766928389421
1863,4.356104410370922
1864,4.356522275303373
1865,4.378499914798074
1866,4.380539709203175
1867,4.376025156244683
1868,4.369873397751575
1869,4.3659861097136226
1870,4.322305151219084
1871,4.289965964048243
1872,4.253072304742263
1873,4.205175594052299
1874,4.1631511818529745
1875,4.135042030050462
1876,4.1199879735822345
1877,4.113532593369001
1878,4.1081969617715055
1879,4.126594152247338
1880,4.159441635466031
1881,4.163980885579242
1882,4.153990786394156
1883,4.19181841159543
1884,4.222982657339392
1885,4.247908936013164
1886,4.2542297366839135
1887,4.27608704968106
1888,4.289978224902583
1889,4.294403504661694
1890,4.299069660086589
1891,4.3113687540566605
1892,4.3395535954932525
1893,4.384872980251092
1894,4.394718683842021
1895,4.4065466412674095
1896,4.417760970005495
1897,4.4301191065178935
1898,4.396471741735016
1899,4.385275477909892
1900,4.416782005853884
1901,4.409034009742229
1902,4.398281238144537
1903,4.392851941037365
1904,4.387516850063029
1905,4.363567562854304
1906,4.347074780324214
1907,4.347925064779814
1908,4.350135144422381
1909,4.351635927416848
1910,4.374219279603922
1911,4.388942429379671
1912,4.4150193239239615
1913,4.463305275865126
1914,4.494895440203362
1915,4.489457660667905
1916,4.502252082893789
1917,4.51478744141136
1918,4.542637745704365
1919,4.551954352634216
1920,4.544738106086853
1921,4.540779812268553
1922,4.521847851525132
1923,4.468749263721185
1924,4.4845180291643825
1925,4.485917368983126
1926,4.457424361946154
1927,4.478894068244161
1928,4.515653066658803
1929,4.52390140222725
1930,4.509777127396833
1931,4.505891921082183
1932,4.503091291011146
1933,4.50040797105003
1934,4.482281704166182
1935,4.491841575701274
1936,4.461170780965135
1937,4.466670359583767
1938,4.492223888441068
1939,4.488224411803651
1940,4.487272409165838
1941,4.516354553552169
1942,4.534909650219686
1943,4.535294470179639
1944,4.5380234469070615
1945,4.550767250561109
1946,4.585301897347337
1947,4.593482468084376
1948,4.593027056311826
1949,4.6006682830200045
1950,4.605561786505415
1951,4.612183855690895
1952,4.61489672969383
1953,4.636074151035702
1954,4.630102632260588
1955,4.635859466517806
1956,4.649468060695975
1957,4.6399862191892565
1958,4.645135340042079
1959,4.53281447078501
1960,4.482172780674976
1961,4.493825786577682
1962,4.465854038836758
1963,4.42900603489604
1964,4.391594681082863
1965,4.358379080686033
1966,4.339574641263338
1967,4.307096522926744
1968,4.301561107523078
1969,4.283504190772519
1970,4.276960640530157
1971,4.296900347281234
1972,4.321107387587288
1973,4.332150887467792
1974,4.322104865473603
1975,4.323526997262953
1976,4.3317812358501095
1977,4.371960331038335
1978,4.355478715486481
1979,4.3518354368577645
1980,4.36902460550283
1981,4.372982062629204
1982,4.377265420809225
1983,4.3702290797440915
1984,4.384161556980895
1985,4.390170285858781
1986,4.394331953709827
1987,4.4154445980679125
1988,4.418453963006191
1989,4.441009637981063
1990,4.4321560174170145
1991,4.434779664321188
1992,4.4273956643936
1993,4.406776848622106
1994,4.431517608885723
1995,4.418362980820857
1996,4.41157370049062
1997,4.394272968274099
1998,4.406132166310956
1999,4.402250768919931
2000,4.4146103264111165
2001,4.430362773160707
2002,4.470749858155397
2003,4.462197568804707
2004,4.44761182569343
2005,4.46733310911647
2006,4.476991552007179
2007,4.473548252047724
2008,4.508899755092878
2009,4.521606378131106
2010,4.51260690571594
2011,4.534175753852158
2012,4.543882344413307
2013,4.5469071108724375
2014,4.563198493121946
2015,4.581755409931189
2016,4.572561217714783
2017,4.568744944498429
2018,4.549849671925153
2019,4.548036270006534
2020,4.576774746212187
2021,4.566848057578296
2022,4.539369260694217
2023,4.527067091969919
2024,4.517833655790324
2025,4.521446419044202
2026,4.514887870535486
2027,4.517060263672926
2028,4.5107673206322
2029,4.504851267085753
2030,4.490897596723391
2031,4.468067054688464
2032,4.472522513971701
2033,4.464437558313545
2034,4.4646092224464
2035,4.452707720405449
2036,4.447792059047841
2037,4.413651489101204
2038,4.395517662347821
2039,4.377786975683974
2040,4.384582199114064
2041,4.3633431695068445
2042,4.351345455912106
2043,4.354597740579814
2044,4.367696781655652
2045,4.3831233573727815
2046,4.3875417674089086
2047,4.392793487962496
2048,4.416380678435946
2049,4.4231808138032775
2050,4.429244105952458
2051,4.455297575107382
2052,4.5037704354687795
2053,4.523853501369084
2054,4.543647463705961
2055,4.57265934092629
2056,4.604723010858297
2057,4.635111620060628
2058,4.641185154613996
2059,4.654816755056747
2060,4.681917568883995
2061,4.714297813547076
2062,4.724686237811498
2063,4.738226102182633
2064,4.755601265911757
2065,4.763671462658778
2066,4.773384704432237
2067,4.746347215619605
2068,4.7910826520328165
2069,4.8429509260291
2070,4.8504050863810155
2071,4.860072501547832
2072,4.847708578161381
2073,4.81751619415125
2074,4.818375715673155
2075,4.833166834453803
2076,4.845236876909778
2077,4.836145658782201
2078,4.849026590217176
2079,4.853541389146792
2080,4.847400185421511
2081,4.827062994238982
2082,4.810768364101854
2083,4.813019851332258
2084,4.8148525502723425
2085,4.814948857252184
2086,4.781301225159882
2087,4.774542948737683
2088,4.763465963854594
2089,4.753430622561699
2090,4.742080535151846
2091,4.725716924157192
2092,4.687951877845657
2093,4.678879061833586
2094,4.685106060692571
2095,4.668399655018177
2096,4.65287033383534
2097,4.660083751696333
2098,4.650357541373842
2099,4.632177146785161
2100,4.616360242621074
2101,4.581936951452281
2102,4.57555870981415
2103,4.537953147980471
2104,4.518590081102099
2105,4.509296918138475
2106,4.494001605289254
2107,4.493012266165741
2108,4.482345184047509
2109,4.479096197173971
2110,4.498607063302548
2111,4.511716880536267
2112,4.508663851346075
2113,4.511932947217436
2114,4.510566477512181
2115,4.507116624692574
2116,4.510234374530671
2117,4.489187645924376
2118,4.457140485908727
2119,4.434248536246962
2120,4.431419003298529
2121,4.434634337466443
2122,4.443948156393097
2123,4.432846546267816
2124,4.431856024075724
2125,4.4275515573067015
2126,4.4222500776607205
2127,4.414322441225768
2128,4.41548298081868
2129,4.404376254484623
2130,4.418070262129111
2131,4.441182337670807
2132,4.453626935801973
2133,4.476574693721411
2134,4.465830417708817
2135,4.484745999282749
2136,4.50114973359847
2137,4.494406048707075
2138,4.485146663779953
2139,4.511144242337231
2140,4.530796900684083
2141,4.532638206991888
2142,4.515978825157788
2143,4.535481347107864
2144,4.524423014163124
2145,4.512176190619345
2146,4.510178639353212
2147,4.496124661534784
2148,4.4865407248428255
2149,4.483313815648053
2150,4.476298145787199
2151,4.477467428224529
2152,4.5033735854190295
2153,4.4880070913761685
2154,4.4862742389455
2155,4.473812418214891
2156,4.4438999220163335
2157,4.44969967583076
2158,4.452932932642282
2159,4.423941375629768
2160,4.413471459740807
2161,4.382098846906898
2162,4.353026293636389
2163,4.307783512362718
2164,4.285541672949465
2165,4.284124821950815
2166,4.283984576451211
2167,4.273462865986262
2168,4.285955931345953
2169,4.31177937810259
2170,4.328770896736869
2171,4.327767648514072
2172,4.33074183646094
2173,4.3606215023413
2174,4.364472015881799
2175,4.375607861551514
2176,4.3734802395804655
2177,4.389668472214079
2178,4.383604264398434
2179,4.380141230819775
2180,4.391133919892849
2181,4.422599045733001
2182,4.435036072221739
2183,4.436987949509324
2184,4.4387276715827975
2185,4.457019102671932
2186,4.4703390700834955
2187,4.485417356773382
2188,4.517822091135764
2189,4.531312500555936
2190,4.544649350149238
2191,4.549786929926758
2192,4.542018201736651
2193,4.533112222036985
2194,4.493982918800393
2195,4.489315987472726
2196,4.49303674185587
2197,4.494600960462118
2198,4.4811568664092345
2199,4.468882167992124
2200,4.456042919728851
2201,4.467249535323318
2202,4.471251089200204
2203,4.470818969100096
2204,4.485197473137527
2205,4.480891398143005
2206,4.485390415403436
2207,4.521512151343359
2208,4.5519719270149475
2209,4.567641974252219
2210,4.581091426198044
2211,4.5993494932722845
2212,4.630912575332153
2213,4.664688468438317
2214,4.704468830731249
2215,4.726699318160823
2216,4.7074924007069905
2217,4.740136552096608
2218,4.742335586036133
2219,4.70820163478661
2220,4.716477714410923
2221,4.687037074190745
2222,4.671984986811643
2223,4.636560846285493
2224,4.615159989954938
2225,4.631768819014245
2226,4.635505040211721
2227,4.632788204528064
2228,4.642896878110012
2229,4.604245289672433
2230,4.58234542687604
2231,4.570266342681142
2232,4.56904498989633
2233,4.548945158005457
2234,4.543787037804032
2235,4.540908867753702
2236,4.527063833064767
2237,4.513884537089643
2238,4.508126537753013
2239,4.474625079417318
2240,4.474437890159943
2241,4.461086807057546
2242,4.446448452981214
2243,4.467352848029055
2244,4.483745015921129
2245,4.467764758324348
2246,4.422599003990106
2247,4.420627583818595
2248,4.413510330419172
2249,4.405725382986266
2250,4.415215794059701
2251,4.4314826658029025
2252,4.428427252916178
2253,4.427924196891761
2254,4.437379388420393
2255,4.447012190217765
2256,4.453028628146661
2257,4.479910749548687
2258,4.497126025666993
2259,4.51546244494713
2260,4.5308965802244705
2261,4.523510851740805
2262,4.515154219728181
2263,4.497164136424078
2264,4.507047411585026
2265,4.48428511341881
2266,4.4717351048473075
2267,4.464386937572004
2268,4.4116724119987385
2269,4.38781160584569
2270,4.405779101881579
2271,4.370679666848499
2272,4.37618535244727
2273,4.378056595758896
2274,4.3852940012079165
2275,4.3899818453655906
2276,4.374619532015635
2277,4.393987889023589
2278,4.420340209969952
2279,4.4090804062739615
2280,4.419112966863319
2281,4.418261960189904
2282,4.392287154054965
2283,4.374394423972348
2284,4.3902925318456925
2285,4.403981932538558
2286,4.400035052989466
2287,4.423553521046369
2288,4.451553950072549
2289,4.447080982879224
2290,4.476265967711324
2291,4.484911190346095
2292,4.482946747843183
2293,4.458588279786908
2294,4.443598983609665
2295,4.436705591963691
2296,4.434770062857374
2297,4.414097466362244
2298,4.395097411257401
2299,4.415251847362681
2300,4.434179055875375
2301,4.456246360441215
2302,4.46617550490508
2303,4.4784207508995815
2304,4.4964130588317035
2305,4.529757050796482
2306,4.51844743067883
2307,4.477381630980518
2308,4.463782354521109
2309,4.4614346179387825
2310,4.454031985889064
2311,4.43748713506517
2312,4.4405050360004426
2313,4.432570098114181
2314,4.427241408887937
2315,4.433961677989099
2316,4.427733953265815
2317,4.437460093937269
2318,4.457414689961144
2319,4.451101729580813
2320,4.443686776746047
2321,4.4303949910490115
2322,4.425157312327649
2323,4.427096245776419
2324,4.453736785710384
2325,4.455440307596089
2326,4.460881459968881
2327,4.459981287149407
2328,4.452670931040109
2329,4.457385996523087
2330,4.452217979926179
2331,4.448370139867921
2332,4.4545507770753625
2333,4.4596806302332626
2334,4.423018136223607
2335,4.405604898455905
2336,4.418846481545816
2337,4.3909885489469325
2338,4.331941494594213
2339,4.326029655201166
2340,4.322680487611859
2341,4.292855888042163
2342,4.284625638077123
2343,4.271781921257641
2344,4.26990339182194
2345,4.22289636889517
2346,4.2023472625864775
2347,4.187492099236646
2348,4.186357734297239
2349,4.152784531918776
2350,4.140616692105575
2351,4.145691169497508
2352,4.169897051144962
2353,4.266713576623562
2354,4.332846648178039
2355,4.3575989097385
2356,4.403106453783353
2357,4.459575176060243
2358,4.552566007764383
2359,4.580117141409326
2360,4.575219479534478
2361,4.573932333699442
2362,4.602102084313303
2363,4.608500190205213
2364,4.601030992172313
2365,4.615586227593879
2366,4.623978548907939
2367,4.6597483992932425
2368,4.690484198411235
2369,4.704859849044431
2370,4.720168004713173
2371,4.747373042446829
2372,4.757124179923637
2373,4.749288826809894
2374,4.7644991937558725
2375,4.766576494923446
2376,4.770372542854364
2377,4.743285489207748
2378,4.733652607831449
2379,4.723432690419705
2380,4.683267698897089
2381,4.667855333929191
2382,4.66027352801132
2383,4.6558567167435445
2384,4.669866465738695
2385,4.688036668524625
2386,4.685556051019022
2387,4.690696865993509
2388,4.704041710191657
2389,4.70093103530256
2390,4.677813030353043
2391,4.6704222621442115
2392,4.686743919170047
2393,4.663124912358602
2394,4.639212931546682
2395,4.622981327740488
2396,4.59820579830124
2397,4.597227421876999
2398,4.583924357540044
2399,4.586664278167019
2400,4.588147894625923
2401,4.558598788942888
2402,4.543994768950861
2403,4.555910838403272
2404,4.556167614798618
2405,4.54818236878283
2406,4.567546388271752
2407,4.556609577097285
2408,4.542511421036545
2409,4.5564955711915465
2410,4.569392632190732
2411,4.5524319038065935
2412,4.557748898190661
2413,4.551915334364601
2414,4.514436304484833
2415,4.499416924074793
2416,4.524586639886107
2417,4.540944430505299
2418,4.542260603325142
2419,4.5229311865518556
2420,4.488495191081916
2421,4.479334308984429
2422,4.479244645434593
2423,4.483763213463084
2424,4.492759675994295
2425,4.506311875955659
2426,4.515796032315596
2427,4.539426352479466
2428,4.541106709556249
2429,4.54417674059829
2430,4.522545131438983
2431,4.50795110023483
2432,4.520006701333206
2433,4.529629431159315
2434,4.492406049838196
2435,4.515968459995975
2436,4.5275949912962785
2437,4.526571733473035
2438,4.52156917902226
2439,4.516184346294483
2440,4.516819683595668
2441,4.525386103766078
2442,4.532145671620124
2443,4.5260697015873
2444,4.511934683751689
2445,4.494020098302589
2446,4.5045985429539
2447,4.519951326436989
2448,4.528807310680591
2449,4.550619833651315
2450,4.55842156544546
2451,4.576029151495146
2452,4.594351170528098
2453,4.615365220153225
2454,4.608680809230017
2455,4.5711578567508075
2456,4.568389675398703
2457,4.535678357831744
2458,4.512993743060193
2459,4.470857759097083
2460,4.4716041790394625
2461,4.482345958952034
2462,4.482817838550021
2463,4.469970562836502
2464,4.4403728578691295
2465,4.3966200828984
2466,4.372373179540843
2467,4.370297123083384
2468,4.355718555862197
2469,4.354530847597231
2470,4.362609441089186
2471,4.372988654694995
2472,4.345522619176203
2473,4.3270670389057635
2474,4.331335953193859
2475,4.350853123885166
2476,4.3712815216450736
2477,4.383093201750991
2478,4.410662504887487
2479,4.4277247441850065
2480,4.410930460921555
2481,4.421991103096435
2482,4.447599114261238
2483,4.481206107248899
2484,4.484524665092729
2485,4.472588727556105
2486,4.489275566171932
2487,4.50168191304277
2488,4.508265052695491
2489,4.533954307592992
2490,4.557621226803387
2491,4.5742923848941555
2492,4.577327572845605
2493,4.5950450169256385
2494,4.585041243867112
2495,4.587306858393477
2496,4.591154489636975
2497,4.5653517089193185
2498,4.564848124198569
2499,4.5565239084457465
2500,4.5552521129167225
2501,4.539848293912082
2502,4.547212831113463
2503,4.5757427694530595
2504,4.547210509738127
2505,4.5214757541036095
2506,4.504520703826352
2507,4.47258645720705
2508,4.454646712896419
2509,4.452007583088286
2510,4.455861647686432
2511,4.457771722814428
2512,4.468334445893204
2513,4.471337775314917
2514,4.463501875292012
2515,4.448688123309163
2516,4.442201450583742
2517,4.424471578167391
2518,4.421834462950533
2519,4.405765229502937
